audio,Reference,Base_Pred,LoRA_Pred,Base_CER,LoRA_CER,Improved
datasets/Sample/01.원천데이터/SPK014/SPK014KBSIN034/SPK014KBSIN034F003.wav,이 기간 동안 도전자들은 전자 투표 시스템을 합법적으로 공격할 수 있습니다,이 기간 동안 도전자들은 전자투표 시스템을 합법적으로 공격할 수 있습니다,이 기간 동안 도전자들은 전자 투표 시스템을 합법적으로 공격할 수 있습니다,0.0,0.0,False
datasets/Sample/01.원천데이터/SPK014/SPK014KBSIN034/SPK014KBSIN034F001.wav,스위스 연방 정부가 새로운 전자 투표 시스템 성능을 시험하기 위해 해킹 대회를 열었습니다,스위스 연방정부가 새로운 전자투표 시스템 성능을 시험하기 위해 해킹대회를 열었습니다,스위스 연방 정부가 새로운 전자 투표 시스템 성능을 시험하기 위해 해킹 대회를 열었습니다,0.0,0.0,False
datasets/Sample/01.원천데이터/SPK014/SPK014KBSIN034/SPK014KBSIN034F002.wav,이 월 마지막 주에 시작된 이번 대회는 약 한 달간 계속되는데요,2월 마지막 주에 시작된 이번 대회는 약 한 달간 계속되는데요,이월 마지막 주에 시작된 이번 대회는 약 한 달간 계속되는데요,0.04,0.0,True
datasets/Sample/01.원천데이터/SPK014/SPK014KBSIN034/SPK014KBSIN034F005.wav,전자 투표 시스템 취약점을 찾고 보안 강화를 위해 마련된 이 대회에는 총 십 오 만 스위스 프랑 우리 돈 일 억 육 천만 원의 상금도 걸려있습니다,전자투표 시스템 취약점을 찾고 보안 강화를 위해 마련된 이 대회에는 총 15만 스위스프랑 우리 돈 1억 6천만 원의 상금도 걸려 있습니다,전자투표 시스템 취약점을 찾고 보안 강화를 위해 마련된 이 대회에는 총 십 오만 스위스 프랑 우리 돈 일 억 육 천만 원의 상금도 걸려 있습니다,0.0714,0.0,True
datasets/Sample/01.원천데이터/SPK014/SPK014KBSIN034/SPK014KBSIN034F006.wav,스위스 정부는 특히 투표 수 조작에 성공한 사람은 최고 수준의 해킹으로 인정하고 우리 돈 약 오천 육백 만 원의 상금을 준다고 밝혔습니다,스위스 정부는 특히 투표수 조작에 성공한 사람은 최고 수준의 해킹으로 인정하고 우리 돈 약 5600만 원의 상금을 준다고 밝혔습니다,스위스 정부는 특히 투표 수 조작에 성공한 사람은 최고 수준의 해킹으로 인정하고 우리 돈 약 오천 육백 만 원의 상금을 준다고 밝혔습니다,0.0727,0.0,True
datasets/Sample/01.원천데이터/SPK014/SPK014KBSIN034/SPK014KBSIN034F004.wav,전 세계 약 이천 사백 명의 아이 티 보안전문가와 해커들이 도전했는데요,전 세계 약 2400명의 IT 보안 전문가와 해커들이 도전했는데요,전 세계 약 이천 사백 명의 아이 티 보안 전문가와 해커들이 도전했는데요,0.2414,0.0,True
datasets/Sample/01.원천데이터/SPK014/SPK014KBSCU008/SPK014KBSCU008F005.wav,이후 백 여 편의 영화와 드라마에 출연하며 배우로 전성기를 누릴 때도 가수의 꿈을 놓지 않았다고 합니다,이후 백여편의 영화와 드라마에 출연하며 배우로 전성기를 누릴 때도 가수의 꿈을 놓지 않았다고 합니다,이후 백 여 편의 영화와 드라마에 출연하며 배우로 전성기를 누릴 때도 가수의 꿈을 놓지 않았다고 합니다,0.0,0.0,False
datasets/Sample/01.원천데이터/SPK014/SPK014KBSCU008/SPK014KBSCU008F004.wav,천 구백 칠십 칠 년 영화 배우로 데뷔한 이영하 씨는 데뷔 전 미 팔 군 부대에서 그룹사운드 멤버로 활동했을 만큼 음악에 남다른 애착을 보였다고 하는데요,1977년 영화 배우로 데뷔한 이영아 씨는 데뷔 전 미 8군 부대에서 그룹 사운드 멤버로 활동했을 만큼 음악의 남다른 애착을 보였다고 하는데요,천 구백 칠십 칠 년 영화 배우로 데뷔한 이영하 씨는 데뷔 전 미 팔 군 부대에서 그룹사운드 멤버로 활동했을 만큼 음악에 남다른 애착을 보였다고 하는데요,0.1475,0.0,True
datasets/Sample/01.원천데이터/SPK014/SPK014KBSCU008/SPK014KBSCU008F002.wav,육십 대 후반의 나이지만 제 이 의 인생에 도전하며 나이는 숫자에 불과하다는 걸 보여주고 있습니다,60대 후반의 나이지만 제 2의 인생에 도전하며 나인의 숫자에 불과하다는 걸 보여주고 있습니다,육십 대 후반의 나이지만 제 이 의 인생에 도전하며 나이는 숫자에 불과하다는 걸 보여주고 있습니다,0.125,0.0,True
datasets/Sample/01.원천데이터/SPK014/SPK014KBSCU008/SPK014KBSCU008F006.wav,이영하 씨의 데뷔곡이 된 이번 노래 사랑 중 이별이는 잔잔한 발라드풍 가요로 중장년층이 공감할만 한 삶의 굴곡을 노랫말에 담고 있습니다,이영아 씨의 데뷔곡이 된 이번 노래 사랑중 이별이는 잔잔한 발라드 풍가위로 중장년층이 공감할 만한 삶의 굴곡을 노랫말에 담고 있습니다,이영하 씨의 데뷔곡이 된 이번 노래 사랑 중 이별이는 잔잔한 발라드풍 가요로 중장년층이 공감할만 한 삶의 굴곡을 노랫말에 담고 있습니다,0.0357,0.0,True
datasets/Sample/01.원천데이터/SPK014/SPK014KBSCU008/SPK014KBSCU008F003.wav,이영하 씨는 소속사를 통해 최근 사랑 중 이별이라는 제목의 음반을 발표하고 본격적인 가수 활동을 시작한다고 알렸습니다,이영아 씨는 소속사를 통해 최근 사랑 중 이별이라는 제목의 음반을 발표하고 본격적인 가수 활동을 시작한다고 알렸습니다,이영하 씨는 소속사를 통해 최근 사랑 중 이별이라는 제목의 음반을 발표하고 본격적인 가수 활동을 시작한다고 알렸습니다,0.02,0.0,True
datasets/Sample/01.원천데이터/SPK014/SPK014KBSCU008/SPK014KBSCU008F001.wav,중견 배우 이영하 씨가 가수로서 출사표를 던졌습니다,중견배우 이영아 씨가 가수로서 출사표를 던졌습니다,중견 배우 이영하 씨가 가수로서 출사표를 던졌습니다,0.0455,0.0,True
datasets/Sample/01.원천데이터/SPK014/SPK014KBSCU008/SPK014KBSCU008F007.wav,이영하 씨는 음반과 함께 직접 출연한 뮤직비디오도 공개하는 등 가수로서의 변신에 열의를 보이고 있습니다,이영아 씨는 음방과 함께 직접 출연한 뮤직비디오도 공개하는 등 가수로스의 변신에 열의를 보이고 있습니다,이영하 씨는 음반과 함께 직접 출연한 뮤직비디오도 공개하는 등 가수로서의 변신에 열의를 보이고 있습니다,0.0682,0.0,True
datasets/Sample/01.원천데이터/SPK014/SPK014KBSCU006/SPK014KBSCU006F002.wav,그러자 온라인 상에선 메니에르 병의 증상과 같은 병을 앓았던 또 다른 스타들이 함께 주목받고 있습니다,그러자 온라인 상에서는 매니웨르병의 증상과 같은 병을 알았던 또 다른 스타들이 함께 주목받고 있습니다,그러자 온라인 상에선 메니에르 병의 증상과 같은 병을 알았던 또 다른 스타들이 함께 주목받고 있습니다,0.119,0.0238,True
datasets/Sample/01.원천데이터/SPK014/SPK014KBSCU006/SPK014KBSCU006F004.wav,메니에르 병은 십 만 명 중 네 명 꼴로 발병되는 희귀성 질환으로 난청 현기증 귀울림 등의 증상을 동반하는 것으로 알려져 있는데요,매니엘의 병은 10만명 중 4명꼴로 발병되는 희귀성 질환으로 난청 형기증 귀울림 등의 증상을 동반하는 것으로 알려져 있는데요,메니에르 병은 십 만 명 중 네 명 꼴로 발병되는 희귀성 질환으로 난청 현기증 귀울림 등의 증상을 동반하는 것으로 알려져 있는데요,0.1346,0.0,True
datasets/Sample/01.원천데이터/SPK014/SPK014KBSCU006/SPK014KBSCU006F005.wav,과거 배우 한지민 유지태 씨 가수 배일호 씨 등도 메니에르 병으로 연예 활동을 중단하거나 고통을 호소한 바 있습니다,과거 배우 한지민 유지태 씨 가수 베이로 씨 등도 매니엘 병으로 연예 활동을 중단하거나 고통을 호소한 바 있습니다,과거 배우 한지민 유지태 씨 가수 배일호 씨 등도 메니에르 병으로 연예 활동을 중단하거나 고통을 호소한 바 있습니다,0.1277,0.0,True
datasets/Sample/01.원천데이터/SPK014/SPK014KBSCU006/SPK014KBSCU006F001.wav,탤런트 박원숙 씨가 희귀병 중 하나인 메니에르 병을 앓고 있다고 밝혔습니다,탤런트 박원숙 씨가 희귀 병 중 하나인 매니엘 병을 앓고 있다고 밝혔습니다,텔런트 박원숙 씨가 희귀병 중 하나인 메니에르 병을 앓고 있다고 밝혔습니다,0.0968,0.0323,True
datasets/Sample/01.원천데이터/SPK014/SPK014KBSCU006/SPK014KBSCU006F003.wav,박원숙 씨는 지난 육 일 오후 방송된 교양 프로그램 같이 삽시다에 출연해 자신이 천 구백 팔십 삼 년부터 삼십 년이 넘도록 메니에르병으로 투병 중이라고 털어놨습니다,박원숙 씨는 지난 6일 오후 방송된 교양 프로그램 같이 삽시다에 주련해 자신이 1983년부터 30년이 넘도록 매니엘 병으로 투병 중이라고 털어놨습니다,박원숙 씨는 지난 육 일 오후 방송된 교양 프로그램 같이 삽시다에 출연해 자신이 천 구백 팔십 삼 년부터 삼십 년이 넘도록 메니에르 병으로 투병 중이라고 털어놨습니다,0.209,0.0,True
datasets/Sample/01.원천데이터/SPK014/SPK014KBSCU006/SPK014KBSCU006F006.wav,방송에서 박원숙 씨는 오른쪽 귀의 청력을 거의 잃어버렸다고 고백하면서도 다행히 왼쪽 귀에는 이상이 없다며 긍정적인 모습을 보여 시청자들의 격려와 응원이 잇따르고 있습니다,방송에서 박원숙 씨는 오른쪽 귀의 청력을 거의 잃어버렸다고 고백하면서도 다행히 왼쪽 귀에는 이상이 없다며 긍정적인 모습을 보여 시청자들의 경량과 응원이 잇따르고 있습니다,방송에서 박원숙 씨는 오른쪽 귀의 청력을 거의 잃어버렸다고 고백하면서도 다행히 왼쪽 귀에는 이상이 없다며 긍정적인 모습을 보여 시청자들의 격려와 응원이 잇따르고 있습니다,0.0411,0.0,True
datasets/Sample/01.원천데이터/SPK014/SPK014KBSCU009/SPK014KBSCU009F002.wav,이 시상식은 올해 칠십 일 회째를 맞는 영미권 주요 영화 행사로 상을 주관하는 영국영화 티 브이 예술아카데미는 어제 공식 홈페이지에 아가씨를 포함한 다섯 편의 후보작을 공개했습니다,이 시상식은 올해 71회째를 맞는 영미권 주요 영화행사로 상을 주관하는 영국 영화 TV 예술 아카데미는 어제 공식 홈페이지에 아가씨를 포함한 5편의 후보자가 공개했습니다,이 시상식은 올해 칠십 일 회째를 맞는 영미권 주요 영화 행사로 상을 주관하는 영국영화 티 브이 예술 아카데미는 어제 공식 홈페이지에 아가씨를 포함한 다섯 편의 후보작을 공개했습니다,0.1333,0.0,True
datasets/Sample/01.원천데이터/SPK014/SPK014KBSCU009/SPK014KBSCU009F004.wav,박찬욱 감독의 아가씨는 이천 십 육 년 개봉한 이래 제 육십 구 회 칸 국제영화제 경쟁부문 진출과 미국 엘 에이 비평가협회 외국어 영화상 수상 등 국제 무대에서 꾸준한 관심과 성과를 이어온 바 있어 또 한 번의 수상 가능성도 점쳐지고 있습니다,박찬욱 감독의 아가씨는 2016년 개봉한 이래 제69회 칸 국제영화제 경쟁부문 진출과 미국 LA 비평가협회 외국어 영화상 수상 등 국제무대에서 꾸준한 관심과 성과를 이어 온 바 있어 또 한 번의 수상 가능성도 점쳐지고 있습니다,박찬욱 감독의 아가씨는 이천 십 육 년 개봉한 이래 제 육십 구 회 칸 국제영화제 경쟁부문 진출과 미국 엘 에이 비평가협회 외국어 영화상 수상 등 국제 무대에서 꾸준한 관심과 성과를 이어온 바 있어 또 한 번의 수상 가능성도 점쳐지고 있습니다,0.1042,0.0,True
datasets/Sample/01.원천데이터/SPK014/SPK014KBSCU009/SPK014KBSCU009F005.wav,한편 박찬욱 감독은 최근 영국 비 비 씨 방송의 티 브이 드라마 연출을 맡아 올초 촬영을 시작할 것으로 알려져 이번 시상식 진출과 함께 현지에서의 입지도 더욱 공고해질 것으로 전망됩니다,한편 박찬욱 감독은 최근 영국 BBC 방송의 TV 드라마 연출을 맡아 울초 촬영을 시작할 것으로 알려져 이번 시상식 진출과 함께 현지에서의 입지도 더욱 공구해질 것으로 전망됩니다,한편 박찬욱 감독은 최근 영국 비비씨 방송의 티 브이 드라마 연출을 맡아 올초 촬영을 시작할 것으로 알려져 이번 시상식 진출과 함께 현지에서의 입지도 더욱 공고해질 것으로 전망됩니다,0.1067,0.0,True
datasets/Sample/01.원천데이터/SPK014/SPK014KBSCU009/SPK014KBSCU009F001.wav,박찬욱 감독의 영화 아가씨가 다음 달 십 팔 일 열리는 영국 아카데미 시상식에 외국어 영화상 후보로 선정됐습니다,박찬욱 감독의 영화 아가씨가 다음 달 18일 열리는 영국 아카데미 시상식의 외국어 영화상 후보로 선정됐습니다,박찬욱 감독의 영화 아가씨가 다음 달 십 팔 일 열리는 영국 아카데미 시상식에 외국어 영화상 후보로 선정됐습니다,0.0652,0.0,True
datasets/Sample/01.원천데이터/SPK014/SPK014KBSCU009/SPK014KBSCU009F003.wav,한국 영화가 영국 아카데미 시상식의 주요 부문에 후보로 오른 것은 이번이 처음인데요,한국 영화가 영국 아카데미 시상식의 주요 부문에 후보로 오른 것은 이번이 처음인데요,한국 영화가 영국 아카데미 시상식의 주요 부문에 후보로 오른 것은 이번이 처음인데요,0.0,0.0,False
datasets/Sample/01.원천데이터/SPK014/SPK014KBSIN036/SPK014KBSIN036F010.wav,남편은 재작년 아흔 일곱 살로 숨질 때까지 현역으로 활동했습니다,남편은 재작년 97살로 숨질 때까지 현역으로 활동했습니다,남편은 재작년 아흔 일곱 살로 숨질 때까지 현역으로 활동했습니다,0.1481,0.0,True
datasets/Sample/01.원천데이터/SPK014/SPK014KBSIN036/SPK014KBSIN036F009.wav,여동생 두 명도 프로 바둑기사고 남편도 프로 기사입니다,여동생 2명도 프로바둑기사고 남편도 프로기사입니다,여동생 두 명도 프로 바둑기사고 남편도 프로 기사입니다,0.0435,0.0,True
datasets/Sample/01.원천데이터/SPK014/SPK014KBSIN036/SPK014KBSIN036F007.wav,도쿄에서는 일본에서 처음으로 지하철이 개통된 해이고 세계 공황이 시작되기 이 년전의 해이기도 합니다,도쿄에서는 일본에서 처음으로 지하철이 개통된 해입고 세계 공항이 시작되기 2년 전에 해입이기도 합니다,두쿄에서는 일본에서 처음으로 지하철이 개통된 해이고 세계 공항이 시작되기 인연 전에 해이기도 합니다,0.1163,0.1163,False
datasets/Sample/01.원천데이터/SPK014/SPK014KBSIN036/SPK014KBSIN036F011.wav,스기우치 팔 단이 칠십 여년 동안 프로 생활을 하면서 쌓아올린 승리는 육백 이십 구 승,스기우치 팔단이 70여 년 동안 프로 생활을 하면서 쌓아올린 승리는 629승,스기우치 팔 단이 칠십 여 년 동안 프로 생활을 하면서 쌓아올린 승리는 육백 이십 구 승,0.2059,0.0,True
datasets/Sample/01.원천데이터/SPK014/SPK014KBSIN036/SPK014KBSIN036F004.wav,여류 본인방전 본선 토너먼트 대국을 앞두고 웃음을 보이는 스기우치 팔 단,여류 본인방전 본선 토너먼트 대국을 앞두고 웃음을 보이는 스기우치 8단,여류 본인방전 본선 토너먼트 대국을 앞두고 웃음을 보이는 스기우치 팔 단,0.0333,0.0,True
datasets/Sample/01.원천데이터/SPK014/SPK014KBSIN036/SPK014KBSIN036F001.wav,일본에는 아흔 두 살의 여성 현역 프로바둑기사가 있습니다,일본에는 92살의 여성 현역 프로바 두기사가 있습니다,일본에는 아흔 두 살의 여성 현역 프로바둑기사가 있습니다,0.1667,0.0,True
datasets/Sample/01.원천데이터/SPK014/SPK014KBSIN036/SPK014KBSIN036F008.wav,그 후 열 다섯 살 때 프로에 입단했는데요,그 후 15살 때 프로에 입단했는데요,그 후 열 다섯 살 때 프로에 입단했는데요,0.1875,0.0,True
datasets/Sample/01.원천데이터/SPK014/SPK014KBSIN036/SPK014KBSIN036F014.wav,다음 대국은 십 사 일인데요,다음 대국은 14일인데요,다음 대국은 십 사 일인데요,0.1818,0.0,True
datasets/Sample/01.원천데이터/SPK014/SPK014KBSIN036/SPK014KBSIN036F005.wav,상대는 쉰 살이나 어린 오사와 나루미 사 단입니다,상대는 신살이 나어린 오사와 나룸이 사단입니다,상대는 쉰 살이나 어린 오사와 나루미 사단입니다,0.15,0.0,True
datasets/Sample/01.원천데이터/SPK014/SPK014KBSIN036/SPK014KBSIN036F012.wav,일본 기원 여류기사로는 사상 최다 타이 기록입니다,일본 기원 16기사로는 사상 최다 타이 기록입니다,일본 기원 여류기사로는 사상 최다 타이 기록입니다,0.0952,0.0,True
datasets/Sample/01.원천데이터/SPK014/SPK014KBSIN036/SPK014KBSIN036F015.wav,현역 최고령 여류 기사의 도전은 앞으로도 계속됩니다,현역 최고령 16이사의 도전은 앞으로도 계속됩니다,현역 최고령 여류 기사의 도전은 앞으로도 계속됩니다,0.1364,0.0,True
datasets/Sample/01.원천데이터/SPK014/SPK014KBSIN036/SPK014KBSIN036F013.wav,이번 대국에서는 아쉽게 패배한 스기우치 팔 단,이번 대국에서는 아쉽게 패배한 스기우치 8단,이번 대국에서는 아쉽게 패배한 스기우치 팔 단,0.0526,0.0,True
datasets/Sample/01.원천데이터/SPK014/SPK014KBSIN036/SPK014KBSIN036F003.wav,바둑 여류 타이틀 가운데서 서열이 가장 높은 여류본인방전 본선에 진출했습니다,바둑 여류 타이틀 가운데서 서열이 가장 높은 여류 본인방전 본선에 진출했습니다,바둑 여류 타이틀 가운데서 서열이 가장 높은 여류 본인방전 본선에 진출했습니다,0.0,0.0,False
datasets/Sample/01.원천데이터/SPK014/SPK014KBSIN036/SPK014KBSIN036F002.wav,스기우치 가즈코 팔 단인데요,시규치 가지코 8단인데요,스기우치 가즈코 팔 단인데요,0.4167,0.0,True
datasets/Sample/01.원천데이터/SPK014/SPK014KBSIN036/SPK014KBSIN036F006.wav,스기우치 팔 단이 태어난 것은 천 구백 이십 칠 년,시규치 팔단이 태어난 것은 1927년,스기우치 팔 단이 태어난 것은 천 구백 이십 칠 년,0.4737,0.0,True
datasets/Sample/01.원천데이터/SPK014/SPK014KBSIN037/SPK014KBSIN037F003.wav,최근 러시아 정부는 가두리에 갇힌 고래들을 풀어줄 것을 명령했습니다,최근 러시아 정부는 가두리에 갇힌 고래들을 풀어줄 것을 명령했습니다,최근 러시아 정부는 가두리에 갇힌 고래들을 풀어줄 것을 명령했습니다,0.0,0.0,False
datasets/Sample/01.원천데이터/SPK014/SPK014KBSIN037/SPK014KBSIN037F004.wav,오 년째 운영 중인 이 고래 감옥 운영자들은 오호츠크 해역에서 고래들을 잡아와 국내외 수족관에 보내왔습니다,5년째 운영 중인 이 고래 감옥 운영자들은 오우측회역에서 고래들을 잡아와 국내외 수족관에 보내왔습니다,오년째 운영 중인 이 고래 감옥 운영자들은 오우치크 해역에서 고래들을 잡아와 국내외 수족관에 보내왔습니다,0.1111,0.0444,True
datasets/Sample/01.원천데이터/SPK014/SPK014KBSIN037/SPK014KBSIN037F007.wav,러시아에서 어린 고래의 포획은 엄격히 금지돼 있어서 최고 오 년 형에 처해질 수 있습니다,러시아에서 어린 고래의 포핵은 엄격히 금지되어 있어서 최고 5년형에 처해질 수 있습니다,러시아에서 어린 고래의 포획은 엄격히 금지되어 있어서 최고 오 년 형에 처해질 수 있습니다,0.1111,0.0556,True
datasets/Sample/01.원천데이터/SPK014/SPK014KBSIN037/SPK014KBSIN037F005.wav,그동안 러시아 법은 기업가가 동물을 포획하고 해외로 보내는 것을 허가했지만 작년부터 법이 바뀌었습니다,그동안 러시아 법은 기업가가 동물을 포획하고 해외로 보내는 것을 허가했지만 작년부터 법이 바뀌었습니다,그동안 러시아 법은 기업가가 동물을 포획하고 해외로 보내는 것을 허가했지만 작년부터 법이 바뀌었습니다,0.0,0.0,False
datasets/Sample/01.원천데이터/SPK014/SPK014KBSIN037/SPK014KBSIN037F002.wav,약 아흔 마리나 되는 흰고래 벨루가와 열 한 마리의 범고래들이 해상 가두리 속에 갇혀 있습니다,약 9마리나 되는 흰골의 벨루가와 11마리의 범골애들이 해상 가두리 속에 갇혀 있습니다,약 아흔 마리나 되는 흰고래 벨루가와 열 한 마리의 범고래들이 해상 가두리 속에 갇혀 있습니다,0.2105,0.0,True
datasets/Sample/01.원천데이터/SPK014/SPK014KBSIN037/SPK014KBSIN037F006.wav,조사결과 이곳의 일부 벨루가와 범고래들은 아직 한 살이 채 안 된 어린 고래들이었는데요,조사 결과 이곳의 일부 벨루가와 범골에들은 아직 한 살이 채 안 된 어린골에들이었는데요,조사결과 이곳의 일부 벨루가와 범고래들은 아직 한 살이 채 안 된 어린 고래들이었는데요,0.1111,0.0,True
datasets/Sample/01.원천데이터/SPK014/SPK014KBSIN037/SPK014KBSIN037F001.wav,러시아 나홋카 항 인근에 위치한 이곳은 이른바 고래 감옥으로 불리는 곳입니다,러시아 나호카항 인근에 위치한 이곳은 이른바 고래감옥으로 불리는 곳입니다,러시아 나호카 항 인근에 위치한 이곳은 이른바 고래 감옥으로 불리는 곳입니다,0.0312,0.0312,False
datasets/Sample/01.원천데이터/SPK014/SPK014KBSCU001/SPK014KBSCU001F002.wav,전년보다 수치가 감소했을 거라는 추측이 많았는데 한국 영화들의 뒷심이 뜻밖의 결과로 이어졌습니다,전년보다 수치가 감소했을 거라는 추측이 많았는데 한국 영화들의 뒷심이 뜻밖의 결과로 이어졌습니다,전년보다 수치가 감소했을 거라는 추측이 많았는데 한국 영화들의 뒷심이 뜻밖의 결과로 이어졌습니다,0.0,0.0,False
datasets/Sample/01.원천데이터/SPK014/SPK014KBSCU001/SPK014KBSCU001F007.wav,무엇보다 연말에 시작된 한국 영화들의 흥행 릴레이가 올초에도 계속되고 있고 상반기에는 더 다양한 장르와 소재의 작품들이 개봉할 예정이라 극장가의 활기는 당분간 계속될 거라는 전망이 나오고 있습니다,무엇보다 연말에 시작된 한국영화들의 흥행릴레이가 올 초에도 계속되고 있고 상반기에는 더 다양한 장르와 소재의 작품들이 개봉할 예정이라 극장가의 활개는 당분간 계속될 거라는 전망이 나오고 있습니다,무엇보다 연말에 시작된 한국 영화들의 흥행 릴레이가 올초에도 계속되고 있고 상반기에는 더 다양한 장로와 소재의 작품들이 개봉할 예정이라 극장가의 활기는 당분간 계속될 거라는 전망이 나오고 있습니다,0.0119,0.0119,False
datasets/Sample/01.원천데이터/SPK014/SPK014KBSCU001/SPK014KBSCU001F004.wav,당초 업계에선 이른바 천만 영화가 택시운전사 한 편에 그치는 등 부진한 한해였다고 평가했지만 연간 관객 수는 이천 십 육 년보다 이백 팔십 사 만 명이 증가한 것으로 나타났습니다,당초 업계에서는 이른바 천만 영화가 택시 운전사 한편에 그치는 등 부진한 한해였다고 평가했지만 연간 관객 수는 2016년보다 284만 명이 증가한 것으로 나타났습니다,당초 업계에선 이른바 천 만 영화가 택시운전사 한 편에 그치는 등 부진한 한해였다고 평가했지만 연간 관객 수는 이천 십 육 년보다 이백 팔십 사 만 명이 증가한 것으로 나타났습니다,0.1528,0.0,True
datasets/Sample/01.원천데이터/SPK014/SPK014KBSCU001/SPK014KBSCU001F006.wav,그 결과 지난해 한국 영화는 육 년 연속 관객 수 일 억 명대를 유지했고 점유율도 오십 삼 퍼센트 를 기록했습니다,그 결과 지난해 한국 영화는 6년 연속 관객 수 1억 명대를 유지했고 점유율도 53를 기록했습니다,그 결과 지난해 한국 영화는 육 년 연속 관객 수 일 억 명대를 유지했고 점유율도 오십 삼 퍼센트 를 기록했습니다,0.1818,0.0,True
datasets/Sample/01.원천데이터/SPK014/SPK014KBSCU001/SPK014KBSCU001F001.wav,지난해 극장을 찾은 연간 관객 수가 역대 최다치를 기록했습니다,지난해 극장을 찾은 연간관객 수가 역대 최다치를 기록했습니다,지난해 극장을 찾은 연간 관객 수가 역대 최다치를 기록했습니다,0.0,0.0,False
datasets/Sample/01.원천데이터/SPK014/SPK014KBSCU001/SPK014KBSCU001F005.wav,이는 지난 십 이 월 십 사 일 개봉한 정우성 주연의 강철비를 시작으로 신과 함께 죄와벌 일 구 팔 칠 등 한국 영화 여러 편이 일제히 흥행에 성공하며 막판 반등을 이뤄낸 덕분인데요,이는 지난 12월 14일 개봉한 정우성 주연의 강철비를 시작으로 신과 함께 죄압을 1987 등 한국 영화 여러 편이 일제히 흥행에 성공하며 막판 판 등을 이뤄낸 덕분인데요,이는 지난 십 이 월 십 사 일 개봉한 정우성 주연의 강철비를 시작으로 신과 함께 죄압을 일 구 팔 칠 등 한국 영화 여러 편이 일제히 흥행에 성공하며 막판 반등을 이뤄낸 덕분인데요,0.1571,0.0286,True
datasets/Sample/01.원천데이터/SPK014/SPK014KBSCU001/SPK014KBSCU001F003.wav,영화진흥위원회 자료에 따르면 이천 십 칠 년 극장가 누적 관객 수는 이 억 천 구백 팔십 칠 만 명으로 집계됐습니다,영화진흥위원회 자료에 따르면 2017년 극장과 누적 관객 수는 2억 1987만 명으로 집계됐습니다,영화진흥위원회 자료에 따르면 이천 십 칠 년 극장가 누적 관객 수는 이 억 천 구백 팔십 칠 만 명으로 집계됐습니다,0.2667,0.0,True
datasets/Sample/01.원천데이터/SPK014/SPK014KBSCU004/SPK014KBSCU004F007.wav,소식을 접한 누리꾼들은 김주혁 씨를 스크린에서 다시 보게 돼 반갑다면서도 한편으론 고인의 빈자리가 더 크게 느껴질 것 같다며 기대와 그리움을 함께 드러내고 있습니다,소식을 접한 누리꾼들은 김주혁 씨를 스크린에서 다시 보게 돼 반갑다면서도 한편으론 고인의 빈자리가 더 크게 느껴질 것 같다며 기대와 그리움을 함께 드러내고 있습니다,소식을 접한 누리꾼들은 김주혁 씨를 스크린에서 다시 보게 돼 반갑다면서도 한편으론 고인의 빈자리가 더 크게 느껴질 것 같다며 기대와 그리움을 함께 드러내고 있습니다,0.0,0.0,False
datasets/Sample/01.원천데이터/SPK014/SPK014KBSCU004/SPK014KBSCU004F005.wav,흥부는 그중 한 편입니다,흥분은 그중 한 편입니다,,0.2,1.0,False
datasets/Sample/01.원천데이터/SPK014/SPK014KBSCU004/SPK014KBSCU004F003.wav,영화 흥부의 배급사 측은 최근 작품의 후반 작업을 마치고 오는 설 연휴 극장 개봉을 확정했다고 밝혔습니다,영화 흥부의 배급사 측은 최근 작품의 후반 작업을 마치고 오는 설 연휴 극장 개봉을 확정했다고 밝혔습니다,영화 흥부의 배급사 측은 최근 작품의 후반 작업을 마치고 오는 설 연휴 극장 개봉을 확정했다고 밝혔습니다,0.0,0.0,False
datasets/Sample/01.원천데이터/SPK014/SPK014KBSCU004/SPK014KBSCU004F002.wav,고인의 유작인데다 고전소설 흥부전을 재해석한 줄거리도 기대를 모으고 있습니다,고인의 유작인데다 고전소설 흥부전을 재해석한 줄거리 도 기대를 모으고 있습니다,고인의 유작인데다 고전소설 흥부전을 재해석한 줄거리도 기대를 모으고 있습니다,0.0,0.0,False
datasets/Sample/01.원천데이터/SPK014/SPK014KBSCU004/SPK014KBSCU004F004.wav,김주혁 씨는 지난해 십 월 갑작스런 사고가 있기 전 두 편의 영화에서 자신의 분량을 모두 촬영해둔 상태였는데요,김주혁 씨는 지난해 10월 갑작스러운 사고가 있기 전 두편의 영화에서 자신의 분량을 모두 촬영해둔 상태였는데요,김주혁 씨는 지난해 십 월 갑작스런 사고가 있기 전 두 편의 영화에서 자신의 분량을 모두 촬영해둔 상태였는데요,0.0889,0.0,True
datasets/Sample/01.원천데이터/SPK014/SPK014KBSCU004/SPK014KBSCU004F006.wav,고전소설 흥부전을 소재로한 이 영화는 흥부전의 진짜 작가와 주인공을 밝혀내는 이야기로 극중 김주혁 씨는 조선 후기 백성들을 돌보는 양반 조혁 역을 맡아 정진영 정우 씨와 호흡을 맞췄습니다,고전소설 흥부전을 소재로 한 이 영화는 흥부전에 진짜 작가와 주인공을 밝혀내는 이야기로 극중 김주혁 씨는 조선 후기 백성들을 돌보는 양반 조형력을 맡아 정진영 정우 씨와 호흡을 마쳤습니다,고전소설 흥부전을 소재로한 이 영화는 흥부전의 진짜 작가와 주인공을 밝혀내는 이야기로 극중 김주혁 씨는 조선 후기 백성들을 돌보는 양반 조혁 역을 맡아 정진영 정우 씨와 호흡을 맞췄습니다,0.0641,0.0,True
datasets/Sample/01.원천데이터/SPK014/SPK014KBSCU004/SPK014KBSCU004F001.wav,배우 고 김주혁 씨가 출연한 영화 흥부가 개봉을 앞두고 있습니다,배우 고 김주혁 씨가 출연한 영화 흥부가 개봉을 앞두고 있습니다,배우 고 김주혁 씨가 출연한 영화 흥부가 개봉을 앞두고 있습니다,0.0,0.0,False
datasets/Sample/01.원천데이터/SPK014/SPK014KBSIN035/SPK014KBSIN035F002.wav,끝이 보이지 않는 설원 위를 말 무리가 한꺼번에 달리는 모습이 장관을 연출하고 있습니다,끝이 보이지 않는 서런 위를 말무리가 한꺼번에 달리는 모습이 장관을 연출하고 있습니다,끝이 보이지 않는 서론 위를 말 무리가 한꺼번에 달리는 모습이 장관을 연출하고 있습니다,0.0556,0.0556,False
datasets/Sample/01.원천데이터/SPK014/SPK014KBSIN035/SPK014KBSIN035F005.wav,신장 이리 지역의 말은 품종이 우수하기로 유명합니다,신장 이리지역의 말은 품종이 우수하기로 유명합니다,신장 이리 지역의 말은 품종이 우수하기로 유명합니다,0.0,0.0,False
datasets/Sample/01.원천데이터/SPK014/SPK014KBSIN035/SPK014KBSIN035F003.wav,수를 셀 수 없을 만큼 많은 수의 말이 드넓은 눈밭을 내달립니다,술을 셀 수 없을 만큼 많은 수의 말이 더 넓은 눈밭을 내달립니다,수를 셀 수 없을 만큼 많은 수의 말이 드넓은 눈밭을 내달립니다,0.12,0.0,True
datasets/Sample/01.원천데이터/SPK014/SPK014KBSIN035/SPK014KBSIN035F008.wav,눈이 많이 내리고 빙질도 좋아 연중 다섯 달이나 스키 탈 수 있는 신장 이리 지역을 찾는 관광객들에게 또 하나의 좋은 볼거리가 되고 있습니다,눈이 많이 내리고 빙질도 좋아 연중 5달이나 스킷할 수 있는 신장 1위 지역을 찾는 관광객들에게 또 하나의 좋은 볼거리가 되고 있습니다,눈이 많이 내리고 빙질도 좋아 연중 다섯 달이나 스킷할 수 있는 신장 이리 지역을 찾는 관광객들에게 또 하나의 좋은 볼거리가 되고 있습니다,0.1071,0.0357,True
datasets/Sample/01.원천데이터/SPK014/SPK014KBSIN035/SPK014KBSIN035F004.wav,설원과 말무리가 만들어낸 장관에 관광객들은 카메라 셔터를 눌러대며 흥분을 감추지 못하는데요,서론과 말무리가 만들어낸 장관에 관광객들은 카메라 셔터를 눌러 대며 흥분을 감추지 못하는데요,설원과 말무리가 만들어낸 장관에 관광객들은 카메라 셔터를 눌러대며 흥분을 감추지 못하는데요,0.05,0.0,True
datasets/Sample/01.원천데이터/SPK014/SPK014KBSIN035/SPK014KBSIN035F001.wav,곳곳에서 봄소식이 들려오고 있지만 신장 이리 지역은 아직 흰 눈으로 뒤덮여 있습니다,곳곳에서 봄 소식이 들려오고 있지만 신장 1위 지역은 아직 흰 눈으로 뒤덮혀 있습니다,고 곳에서 봄소식이 들려오고 있지만 신장 이리 지역은 아직 흰 눈으로 뒤덮여 있습니다,0.0857,0.0286,True
datasets/Sample/01.원천데이터/SPK014/SPK014KBSIN035/SPK014KBSIN035F006.wav,현지 유목민들은 매년 겨울 말의 체력 단련을 위해 사육장에 갇혀 있던 말을 눈밭에 풀어 놓고 마음껏 달리게 하는데요,현지 유목민들은 매년 겨울 말에 체력 달련을 위해 사육장에 갇혀 있던 말을 눈밭에 풀어놓고 마음껏 달리게 하는데요,현지 유목민들은 매년 겨울 말에 체력달련을 위해 사육장에 갇혀 있던 말을 눈밭에 풀어놓고 마음껏 달리게 하는데요,0.0426,0.0426,False
datasets/Sample/01.원천데이터/SPK014/SPK014KBSIN035/SPK014KBSIN035F007.wav,현지 정부는 목축 농가들이 한꺼번에 말을 풀어놓게 해 지역의 특별한 관광 상품으로 육성하고 있습니다,현지 정부는 목축 농가들이 한꺼번에 말을 풀어놓게 해 지역의 특별한 관광 상품으로 육성하고 있습니다,현지 정부는 목축 농가들이 한꺼번에 말을 풀어놓게 해 지역에 특별한 관광 상품으로 육성하고 있습니다,0.0,0.0238,False
datasets/Sample/01.원천데이터/SPK014/SPK014KBSIN038/SPK014KBSIN038F003.wav,해외 주둔 미군은 약 십 구 만 구 천여 명,해외 주둔 미군은 약 19만 9천여 명,해외 주둔 미군은 약 십 구 만 구 천여 명,0.2,0.0,True
datasets/Sample/01.원천데이터/SPK014/SPK014KBSIN038/SPK014KBSIN038F009.wav,하지만 섀너핸 미 국방장관 대행은 미 상원 군사위 청문회에서 주둔 비용 플러스 오십 은 잘못된 보도라고 밝혔습니다,하지만 쉐넌엔 미 국방장관 대행은 미 사문 군사위 청문회에서 주돈비용 플러스 50은 잘못된 보도라고 밝혔습니다,하지만 섀너헨 미 국방장관 대행은 미 상원 군사위 청문회에서 주둔 비용 플러스 오십은 잘못된 보도라고 밝혔습니다,0.1702,0.0213,True
datasets/Sample/01.원천데이터/SPK014/SPK014KBSIN038/SPK014KBSIN038F001.wav,미국이 해외에 주둔하는 미군의 비용 전부에 오십 퍼센트 할증까지 동맹국에 요구할 것이라는 언론 보도가 최근 나왔었는데 섀녀핸 미 국방장관 대행이 사실이 아니라고 부인했습니다,미국이 해외에 주둔하는 미국의 비용 전부의 50 할증까지 동맹국에 요구할 것이라는 언론 보도가 최근 나왔었는데 신현현 미 국방장관 대행이 사실이 아니라고 부인했습니다,미국이 해외에 주둔하는 미국의 비용 전부에 오십 퍼센트 할증까지 동맹국에 요구할 것이라는 언론 보도가 최근 나왔었는데 섀녀엔 미 국방장관 대행이 사실이 아니라고 부인했습니다,0.1351,0.027,True
datasets/Sample/01.원천데이터/SPK014/SPK014KBSIN038/SPK014KBSIN038F005.wav,미국 정부는 주둔국과 협상을 통해 미군 주둔 비용을 나눠서 부담하고 있습니다,미국 정부는 주둔국과 협상을 통해 미군 주둔 비용을 나눠서 부담하고 있습니다,미국 정부는 주둔국과 협상을 통해 미군 주둔 비용을 나눠서 부담하고 있습니다,0.0,0.0,False
datasets/Sample/01.원천데이터/SPK014/SPK014KBSIN038/SPK014KBSIN038F010.wav,섀너핸 국방장관 대행은 다만 미군 주둔 비용의 공평한 분담 원칙을 강조했습니다,쉐넌 해는 국방장관대행은 다만 미군 주둔 비용의 공평한 분담 원칙을 강조했습니다,섀너헨 국방장관 대행은 다만 미군 주둔 비용의 공평한 분담 원칙을 강조했습니다,0.1212,0.0303,True
datasets/Sample/01.원천데이터/SPK014/SPK014KBSIN038/SPK014KBSIN038F004.wav,전체 미군 병력 이백 십 삼 만 삼 천여 명의 십 퍼센트 에 육박합니다,전체 미군 병력 213만 3000여 명의 10에 육박합니다,전체 미군 병력 이백 십 삼 만 삼 천여 명의 십 퍼센트 에 육박합니다,0.4615,0.0,True
datasets/Sample/01.원천데이터/SPK014/SPK014KBSIN038/SPK014KBSIN038F012.wav,월스트리트저널은 동맹은 부동산 거래가 아니며 미국의 외교정책을 훼손할 수 있다고 비판하는 사설을 실었습니다,월스트릿 전화를 동맹은 부동산 거래가 아니며 미국의 외교 정책을 훼손할 수 있다고 비판하는 사서를 실었습니다,월스트릿 전월은 동맹은 부동산 거래가 아니며 미국의 외교정책을 훼손할 수 있다고 비판하는 사설을 실었습니다,0.1489,0.0851,True
datasets/Sample/01.원천데이터/SPK014/SPK014KBSIN038/SPK014KBSIN038F006.wav,워싱턴포스트 블룸버그 등은 최근 미국 정부가 이른바 주둔 비용 플러스 오십 방안을 검토하고 있다고 보도했습니다,워싱턴 포스트 블룸버그 등은 최근 미국 정부가 이른바 주돈비용 플러스 50방안을 검토하고 있다고 보도했습니다,워싱턴포스트 블룸버그 등은 최근 미국 정부가 이른바 주둔 비용 플러스 오십 방안을 검토하고 있다고 보도했습니다,0.0638,0.0,True
datasets/Sample/01.원천데이터/SPK014/SPK014KBSIN038/SPK014KBSIN038F002.wav,해당 보도가 나오자 미국 안에서 먼저 강한 반발 기류가 흘러 나오기도 했습니다,해당 보도가 나오자 미국 안에서 먼저 강한 반발 규류가 흘러나오기도 했습니다,해당 보도가 나오자 미국 안에서 먼저 강한 반발 기류가 흘러 나오기도 했습니다,0.0312,0.0,True
datasets/Sample/01.원천데이터/SPK014/SPK014KBSIN038/SPK014KBSIN038F013.wav,섀너핸 장관 대행은 올해 한미연합훈련이 재설계됐다며 이달 말 정경두 국방장관과 만나 한미연합훈련의 진행 경과와 결과를 논의할 계획이라고 밝혔습니다,쉐넌엔 장관대행은 올해 한미연합훈련이 재설계됐다며 이달 말 정경두 국방장관과 만나 한미연합훈련의 진행 경과와 결과를 논의할 계획이라고 밝혔습니다,섀너엔 장관 대행은 올해 한미연합 훈련이 재설계됐다며 이달 말 정경두 국방장관과 만나 한미연합 훈련의 진행 경과와 결과를 논의할 계획이라고 밝혔습니다,0.0469,0.0156,True
datasets/Sample/01.원천데이터/SPK014/SPK014KBSIN038/SPK014KBSIN038F011.wav,앞서 주둔 비용 플러스 오십 보도가 나오자 미국 내에서 먼저 미군은 용병이 아니라는 비판이 제기됐습니다,앞서 주둔 비용 플러스 50도가 나오자 미국 내에서 먼저 미군은 용병이 아니라는 비판이 제기됐습니다,앞서 주둔 비용 플러스 오십 보도가 나오자 미국 내에서 먼저 미군은 용병이 아니라는 비판이 제기됐습니다,0.0698,0.0,True
datasets/Sample/01.원천데이터/SPK014/SPK014KBSIN038/SPK014KBSIN038F007.wav,주둔 비용 전부에다 오십 퍼센트 할증된 금액을 더해 주둔국에 요구할거라는 내용입니다,주둔 비용 전부에다 50 할증된 금액을 더해 주둔국에 요구할 거라는 내용입니다,주둔 비용 전부에다 오십 퍼센트 할증된 금액을 더해 주둔국에 요구할 거라는 내용입니다,0.1389,0.0,True
datasets/Sample/01.원천데이터/SPK014/SPK014KBSIN038/SPK014KBSIN038F008.wav,보도가 사실이라면 올해 주한미군 방위비 분담금으로 일 조 삼백 팔십 구 억 원을 내고 내년 비용 협상을 다시 시작해야 하는 우리로서는 큰 부담입니다,보도가 사실이라면 올해 주한미군 방위비 부담금으로 1조 389억 원을 내고 내년 비용 협상을 다시 시작해야 하는 우리로서는 큰 부담입니다,보도가 사실이라면 올해 주한미군 방위비 부담금으로 일 조 삼백 팔십 구 억 원을 내고 내년 비용 협상을 다시 시작해야 하는 우리로서는 큰 부담입니다,0.1167,0.0167,True
datasets/Sample/01.원천데이터/SPK064/SPK064KBSCU001/SPK064KBSCU001M003.wav,영화진흥위원회 자료에 따르면 이천 십 칠 년 극장가 누적 관객 수는 이 억 천 구백 팔십 칠 만 명으로 집계됐습니다,영화 지능위원회 자료에 따르면 2017년 극장과 누적 관객 수는 2억 1987만 명으로 집계됐습니다,영화지능위원회 자료에 따르면 이천 십 칠 년 극장가 누적 관객 수는 이 억 천 구백 팔십 칠 만 명으로 집계됐습니다,0.3111,0.0444,True
datasets/Sample/01.원천데이터/SPK064/SPK064KBSCU001/SPK064KBSCU001M007.wav,무엇보다 연말에 시작된 한국 영화들의 흥행 릴레이가 올초에도 계속되고 있고 상반기에는 더 다양한 장르와 소재의 작품들이 개봉할 예정이라 극장가의 활기는 당분간 계속될 거라는 전망이 나오고 있습니다,무엇보다 연말에 시작된 한국 영화의 흥행 일레이가 올 초에도 계속되고 있고 상반기에는 더 다양한 장르와 소재 작품들이 개봉할 예정이라 극장가의 활개는 당분간 계속될 거라는 전망이 나오고 있습니다,무엇보다 연말에 시작된 한국 영화들의 흥행 릴레이가 올초에도 계속되고 있고 상반기에는 더 다양한 장르와 소재의 작품들이 개봉할 예정이라 극장가의 활기는 당분간 계속될 거라는 전망이 나오고 있습니다,0.0476,0.0,True
datasets/Sample/01.원천데이터/SPK064/SPK064KBSCU001/SPK064KBSCU001M001.wav,지난해 극장을 찾은 연간 관객 수가 역대 최다치를 기록했습니다,지난해 극장을 찾은 연관 관객 수가 역다 최다치를 기록했습니다,지난해 극장을 찾은 연간 관객 수가 역대 최다치를 기록했습니다,0.0769,0.0,True
datasets/Sample/01.원천데이터/SPK064/SPK064KBSCU001/SPK064KBSCU001M006.wav,그 결과 지난해 한국 영화는 육 년 연속 관객 수 일 억 명대를 유지했고 점유율도 오십 삼 퍼센트 를 기록했습니다,그 결과 지난해 한국 영화는 6년 연속 관객 수 1억 명대를 유지했고 점유율도 53를 기록했습니다,그 결과 지난해 한국 영화는 육 년 연속 관객 수 일 억 명대를 유지했고 점유율도 오십 삼 퍼센트 를 기록했습니다,0.1818,0.0,True
datasets/Sample/01.원천데이터/SPK064/SPK064KBSCU001/SPK064KBSCU001M002.wav,전년보다 수치가 감소했을 거라는 추측이 많았는데 한국 영화들의 뒷심이 뜻밖의 결과로 이어졌습니다,전년보다 수치가 감수했을 거라는 추측이 많았는데 한국 영화들의 뒷심이 뜻밖의 결과로 이어졌습니다,전년보다 수치가 감소했을 거라는 추측이 많았는데 한국 영화들의 뒷심이 뜻밖의 결과로 이어졌습니다,0.0238,0.0,True
datasets/Sample/01.원천데이터/SPK064/SPK064KBSCU001/SPK064KBSCU001M004.wav,당초 업계에선 이른바 천만 영화가 택시운전사 한 편에 그치는 등 부진한 한해였다고 평가했지만 연간 관객 수는 이천 십 육 년보다 이백 팔십 사 만 명이 증가한 것으로 나타났습니다,당초 업계에서는 이른바 천만 영화가 택시운전사 한편에 그치는 등 부진한 한해였다고 평가했지만 연간 관객 수는 2016년보다 284만 명 증가한 것으로 나타났습니다,당초 업계에선 이른바 천 만 영화가 택시운전사 한 편에 그치는 등 부진한 한해였다고 평가했지만 연간 관객 수는 이천 십 육 년보다 이백 팔십 사 만 명 증가한 것으로 나타났습니다,0.1667,0.0139,True
datasets/Sample/01.원천데이터/SPK064/SPK064KBSCU001/SPK064KBSCU001M005.wav,이는 지난 십 이 월 십 사 일 개봉한 정우성 주연의 강철비를 시작으로 신과 함께 죄와벌 일 구 팔 칠 등 한국 영화 여러 편이 일제히 흥행에 성공하며 막판 반등을 이뤄낸 덕분인데요,이는 12월 14일 개봉한 정우성 주연의 강철비를 시작으로 신과 함께 제압을 1987 등 한국 영어 여러 편이 일제히 흥행에 성공하며 막판 반응을 이뤄낸 덕분인데요,이는,0.2143,0.9714,False
datasets/Sample/01.원천데이터/SPK064/SPK064KBSCU045/SPK064KBSCU045M003.wav,이곳은 유네스코 세계문화유산 중 하나인 프랑스 북부 노르파드칼레 광산입니다,이곳은 유네스코 세계 문화유산 중 하나인 프랑스 북부 노르카드 칼레의 광산입니다,이곳은 윤호스코 세계문화유산 중 하나인 프랑스 북부 노르파드칼레의 광산입니다,0.0606,0.0909,False
datasets/Sample/01.원천데이터/SPK064/SPK064KBSCU045/SPK064KBSCU045M004.wav,삼 세기를 이어온 이 탄광 유적지가 세계문화유산으로 지정된 지 팔 주년을 맞아 한 유명 예술 단체의 현대 무용가들이 이곳을 무대로 지역 주민들도 동참할 수 있는 기념 공연 프로젝트를 준비했는데요,삼세기를 이어온 이 탄광유적지가 세계 문화유산으로 지정된 지 8주년을 맞아 한 유명 예술단체의 현대무용가들이 이곳을 무대로 지역 주민들도 동참할 수 있는 기념공연 프로젝트를 준비했는데요,삼세기를 이어온 이 탄광 유적지가 세계 문화유산으로 지정된 지 팔 주년을 맞아 한 유명 예술 단체의 현대 무용가들이 이곳을 무대로 지역 주민들도 동참할 수 있는 기념 공연 프로젝트를 준비했는데요,0.0125,0.0,True
datasets/Sample/01.원천데이터/SPK064/SPK064KBSCU045/SPK064KBSCU045M005.wav,주최 측은 봉쇄 조치가 점차 완화되기 시작한 지난 오 월부터 온라인으로 주민들의 참여 신청을 받았으며 코로나 일 구 시대 참가자 간에 사회적 거리 두기를 지키고 다 함께 이 힘든 시기를 이겨내자는 의미도 담은 안무를 창작했다고 전했습니다,주최 측은 봉쇄 조치가 점차 완화되기 시작한 지난 5월부터 온라인으로 주민들의 참여 신청을 받았으며 코로나19 시대 참가자 간에 사회적 거리 두기를 지키고 다음께 이 힘든 시기를 이겨내자는 의미도 담은 안물을 창작했다고 전했습니다,주최 측은 봉쇄 조치가 점차 완화되기 시작한 지난 오 월부터 온라인으로 주민들의 참여 신청을 받았으며 코로나 일 구 시대 참가자 간에 사회적 거리 두기를 지키고 다 함께 이 힘든 시기를 이겨내자는 의미도 담은 안무를 창작했다고 전했습니다,0.0619,0.0,True
datasets/Sample/01.원천데이터/SPK064/SPK064KBSCU045/SPK064KBSCU045M002.wav,회색빛 민둥산 위에서 일정한 거리를 두고 둥글게 선 백 여 명의 사람들이 단체로 기이한 춤사위를 선보입니다,회색빛 민둥산 위에서 일정한 거리를 두고 둥글 개선 100여 명의 사람들이 단체로 기의한 춤사위를 선보입니다,회색빛 민둥산 위에서 일정한 거리를 두고 둥글게 선 백여 명의 사람들이 단체로 기의한 춤사위를 선보입니다,0.1136,0.0227,True
datasets/Sample/01.원천데이터/SPK064/SPK064KBSCU045/SPK064KBSCU045M001.wav,지역 주민들의 참여 속에 사회적 거리 두기를 지키고 코로나 일 구 극복 의지를 담은 창작 안무 공연이 프랑스 북부 광산 유적지에서 펼쳐졌습니다,지역 주민들의 참여 속에 사회적 거리 두기를 지키고 코로나19 극복 의지를 담은 창작 안무 공연이 프랑스 북부 광산 유적지에서 펼쳐졌습니다,지역 주민들의 참여 속에 사회적 거리 두기를 지키고 코로나 일 구 극복 의지를 담은 창작 안무 공연이 프랑스 북부 광산 유적지에서 펼쳐졌습니다,0.0345,0.0,True
datasets/Sample/01.원천데이터/SPK064/SPK064KBSCU006/SPK064KBSCU006M003.wav,박원숙 씨는 지난 육 일 오후 방송된 교양 프로그램 같이 삽시다에 출연해 자신이 천 구백 팔십 삼 년부터 삼십 년이 넘도록 메니에르 병으로 투병 중이라고 털어놨습니다,박원숙 씨는 지난 6일 오후 방송된 교양 프로그램 같이 삽시다에 출연해 자신이 1983년부터 30년이 넘도록 매니엘의 병으로 투병 중이라고 털어놨습니다,박원숙 씨는 지난 육 일 오후 방송된 교양 프로그램 같이 삽시다에 출연해 자신이 천 구백 팔십 삼 년부터 삼십 년이 넘도록 메니에르 병으로 투병 중이라고 털어놨습니다,0.1791,0.0,True
datasets/Sample/01.원천데이터/SPK064/SPK064KBSCU006/SPK064KBSCU006M002.wav,그러자 온라인 상에선 메니에르 병의 증상과 같은 병을 앓았던 또 다른 스타들이 함께 주목받고 있습니다,그러자 온라인상에서는 매니엘 병의 증상과 같은 병을 알았던 또 다른 스타들이 함께 주목받고 있습니다,그러자 온라인상에선 메니에르 병의 증상과 같은 병을 알았던 또 다른 스타들이 함께 주목받고 있습니다,0.1429,0.0238,True
datasets/Sample/01.원천데이터/SPK064/SPK064KBSCU006/SPK064KBSCU006M005.wav,과거 배우 한지민 유지태 씨 가수 배일호 씨 등도 메니에르 병으로 연예 활동을 중단하거나 고통을 호소한 바 있습니다,과거 배우 한지민 유지태 씨 가수 베이로시 등도 매니엘 병으로 연애 활동을 중단하거나 고통을 호소한 바 있습니다,과거 배우 한지민 유지태 씨 가수 배일호 씨 등도 메니에르 병으로 연예 활동을 중단하거나 고통을 호소한 바 있습니다,0.1702,0.0,True
datasets/Sample/01.원천데이터/SPK064/SPK064KBSCU006/SPK064KBSCU006M001.wav,탤런트 박원숙 씨가 희귀병 중 하나인 메니에르 병을 앓고 있다고 밝혔습니다,탤런트 박원숙 씨가 희귀 병 중 하나인 매니엘 병을 앓고 있다고 밝혔습니다,텔런트 박원숙 씨가 희귀병 중 하나인 메니에르 병을 앓고 있다고 밝혔습니다,0.0968,0.0323,True
datasets/Sample/01.원천데이터/SPK064/SPK064KBSCU006/SPK064KBSCU006M004.wav,메니에르 병은 십 만 명 중 네 명 꼴로 발병되는 희귀성 질환으로 난청 현기증 귀울림 등의 증상을 동반하는 것으로 알려져 있는데요,메뉴르병은 10만 명 중 4명꼴로 발병되는 희귀성 질환으로 난청 현귀증 귀 울림 등의 증상을 동발하는 것으로 알려져 있는데요,메니에르 병은 십 만 명 중 네 명 꼴로 발병되는 희귀성 질환으로 난청 현기증 귀울림 등의 증상을 동반하는 것으로 알려져 있는데요,0.1346,0.0,True
datasets/Sample/01.원천데이터/SPK064/SPK064KBSCU006/SPK064KBSCU006M006.wav,방송에서 박원숙 씨는 오른쪽 귀의 청력을 거의 잃어버렸다고 고백하면서도 다행히 왼쪽 귀에는 이상이 없다며 긍정적인 모습을 보여 시청자들의 격려와 응원이 잇따르고 있습니다,방송에서 박원숙 씨는 오른쪽 귀의 척력을 거의 잃어버렸다고 고백하면서도 다행히 왼쪽 귀에는 이상이 없다며 긍정적인 모습을 보여 시청자들의 격려와 응원이 잇따르고 있습니다,방송에서 박원숙 씨는 오른쪽 귀의 청력을 거의 잃어버렸다고 고백하면서도 다행히 왼쪽 귀에는 이상이 없다며 긍정적인 모습을 보여 시청자들의 격려와 응원이 잇따르고 있습니다,0.0137,0.0,True
datasets/Sample/01.원천데이터/SPK064/SPK064KBSCU008/SPK064KBSCU008M005.wav,이후 백 여 편의 영화와 드라마에 출연하며 배우로 전성기를 누릴 때도 가수의 꿈을 놓지 않았다고 합니다,이후 백여편의 영화와 드라마에 출연하며 배우로 전선기를 누릴때도 가수의 꿈을 놓지 않았다고 합니다,이후 백 여 편의 영화와 드라마에 출연하며 배우로 전성기를 누릴 때도 가수의 꿈을 놓지 않았다고 합니다,0.0238,0.0,True
datasets/Sample/01.원천데이터/SPK064/SPK064KBSCU008/SPK064KBSCU008M006.wav,이영하 씨의 데뷔곡이 된 이번 노래 사랑 중 이별이는 잔잔한 발라드풍 가요로 중장년층이 공감할만 한 삶의 굴곡을 노랫말에 담고 있습니다,이영아 씨의 데뷔곡이 된 이번 노래 사랑 중 이별이는 잔잔한 발라드풍 가요로 중장년층이 공감할 만한 삶의 굴곡을 노랫말에 담고 있습니다,이영하 씨의 데뷔곡이 된 이번 노래 사랑 중 이별이는 잔잔한 발라드풍 가요로 중장년층이 공감할만 한 삶의 굴곡을 노랫말에 담고 있습니다,0.0179,0.0,True
datasets/Sample/01.원천데이터/SPK064/SPK064KBSCU008/SPK064KBSCU008M004.wav,천 구백 칠십 칠 년 영화 배우로 데뷔한 이영하 씨는 데뷔 전 미 팔 군 부대에서 그룹사운드 멤버로 활동했을 만큼 음악에 남다른 애착을 보였다고 하는데요,1977년 영화배우로 데뷔한 이영아 씨는 데뷔 전 미 8군 부대에서 그룹 사운드 멤버로 활동했을 만큼 음악에 남다른 애책을 보였다고 하는데요,천 구백 칠십 칠 년 영화 배우로 데뷔한 이영하 씨는 데뷔 전 미 팔 군 부대에서 그룹사운드 멤버로 활동했을 만큼 음악에 남다른 애착을 보였다고 하는데요,0.1475,0.0,True
datasets/Sample/01.원천데이터/SPK064/SPK064KBSCU008/SPK064KBSCU008M002.wav,육십 대 후반의 나이지만 제 이 의 인생에 도전하며 나이는 숫자에 불과하다는 걸 보여주고 있습니다,60대 후반의 나이지만 제 2의 인생에 도전하며 나이는 숫자에 불과하다는 걸 보여주고 있습니다,육십 대 후반의 나이지만 제 이 의 인생에 도전하며 나이는 숫자에 불과하다는 걸 보여주고 있습니다,0.075,0.0,True
datasets/Sample/01.원천데이터/SPK064/SPK064KBSCU008/SPK064KBSCU008M001.wav,중견 배우 이영하 씨가 가수로서 출사표를 던졌습니다,중견배우 이영아 씨가 가수로서 출사표를 던졌습니다,중견 배우 이영하 씨가 가수로서 출사표를 던졌습니다,0.0455,0.0,True
datasets/Sample/01.원천데이터/SPK064/SPK064KBSCU008/SPK064KBSCU008M003.wav,이영하 씨는 소속사를 통해 최근 사랑 중 이별이라는 제목의 음반을 발표하고 본격적인 가수 활동을 시작한다고 알렸습니다,이영아 씨는 소속사를 통해 최근 사랑 중 이별이라는 제목의 음반을 발표하고 본격적인 가수 활동을 시작한다고 알렸습니다,이영하 씨는 소속사를 통해 최근 사랑 중 이별이라는 제목의 음반을 발표하고 본격적인 가수 활동을 시작한다고 알렸습니다,0.02,0.0,True
datasets/Sample/01.원천데이터/SPK064/SPK064KBSCU008/SPK064KBSCU008M007.wav,이영하 씨는 음반과 함께 직접 출연한 뮤직비디오도 공개하는 등 가수로서의 변신에 열의를 보이고 있습니다,이영아 씨는 음반과 함께 직접 출연한 뮤직비디오도 공개하는 등 가수로서의 변신의 열의를 보이고 있습니다,이영하 씨는 음반과 함께 직접 출연한 뮤직비디오도 공개하는 등 가수로서의 변신에 열의를 보이고 있습니다,0.0455,0.0,True
datasets/Sample/01.원천데이터/SPK064/SPK064KBSCU046/SPK064KBSCU046M002.wav,프랑스에선 내년을 기약하며 축제 취소의 아쉬움을 달래는 예술가들의 무관중 야외 공연이 펼쳐졌습니다,프랑스에선 내년을 기약하며 축제 취소의 아쉬움을 달래는 예술가들의 무관중 야외 공연이 펼쳐졌습니다,프랑스에선 내년을 기약하며 축제 취소의 아쉬움을 달래는 예술가들의 무관중 야외 공연이 펼쳐졌습니다,0.0,0.0,False
datasets/Sample/01.원천데이터/SPK064/SPK064KBSCU046/SPK064KBSCU046M003.wav,해발고도 천 사백 미터 상공에서 자욱한 안개를 가르며 외줄을 타는 곡예사 그 아래 잔디 언덕에선 색소폰 연주에 맞춰 현대 무용가들의 공연이 펼쳐집니다,해발고도 1400m 상공에서 자욱한 안개를 가르며 외주를 타는 고개사 그 아래 잔디 언덕에선 섹소폰 연주에 맞춰 현대 무용가들의 공연이 펼쳐집니다,해발고도 천 사백 미터 상공에서 자욱한 안개를 가르며 외주를 타는 곡에사 그 아래 잔디 언덕에선 색소폰 연주에 맞춰 현대 무용가들의 공연이 펼쳐집니다,0.1613,0.0484,True
datasets/Sample/01.원천데이터/SPK064/SPK064KBSCU046/SPK064KBSCU046M005.wav,매년 여름 안시 거리에서 열리는 설치 예술 축제 때마다 이곳 스키장 슬로프와 사 킬로미터 주변 산길을 무대로 축제 개막을 기념하는 대규모 예술 공연이 펼쳐졌는데요,매년 여름 안시거리에서 열리는 설치 예술 축제 때마다 이곳 스키장 슬로프와 4km 주변 산길을 무대로 축제 개막을 기념하는 대규모 예술공연이 펼쳐졌는데요,매년 여름 안시 거리에서 열리는 설치 예술 축제 때마다 이곳 스키장 슬로프와 사 킬로미터 주변 산길을 무대로 축제 개막을 기념하는 대규모 예술 공연이 펼쳐졌는데요,0.0746,0.0,True
datasets/Sample/01.원천데이터/SPK064/SPK064KBSCU046/SPK064KBSCU046M001.wav,코로나 일 구 여파로 전 세계 많은 축제와 유명 행사들이 취소나 연기 결정을 내렸는데요,코로나19 여파로 전 세계 많은 축제와 유명 행사들이 취소나 연기 결정을 내렸는데요,코로나 일 구 여파로 전 세계 많은 축제와 유명 행사들이 취소나 연기 결정을 내렸는데요,0.0571,0.0,True
datasets/Sample/01.원천데이터/SPK064/SPK064KBSCU046/SPK064KBSCU046M006.wav,하지만 올해는 코로나 일 구 여파로 축제가 취소되자 백 여 명의 지역 예술가들이 내년에는 관객들과 다시 만나고 싶다는 소망을 담아 다섯 시간 동안 대자연 속에서 각양각색 무관중 마라톤 공연을 선보였습니다,하지만 올해는 코로나19 여파로 축제가 취소되자 백여 명의 지역 예술가들이 내년에는 관객들과 다시 만나고 싶다는 소망을 담아 5시간 동안 대자연 속에서 각양각색 무관중 마라톤 공연을 선보였습니다,하지만 올해는 코로나 일 구 여파로 축제가 취소되자 백 여 명의 지역 예술가들이 내년에는 관객들과 다시 만나고 싶다는 소망을 담아 다섯 시간 동안 대자연 속에서 각양각색 무관중 마라톤 공연을 선보였습니다,0.0476,0.0,True
datasets/Sample/01.원천데이터/SPK064/SPK064KBSCU046/SPK064KBSCU046M004.wav,하늘에서부터 지상까지 다양한 퍼포먼스가 실시간으로 벌어지는 이곳은 프랑스 안시 인근의 셈노즈 산 스키장입니다,하늘에서부터 지상까지 다양한 퍼포먼스가 실시간으로 벌어지는 이곳은 프랑스 안시인근의 셈노즈산 시키장입니다,하늘에서부터 지상까지 다양한 퍼포먼스가 실시간으로 벌어지는 이곳은 프랑스 안시인근의 셈노즈 산 스키장입니다,0.0208,0.0,True
datasets/Sample/01.원천데이터/SPK064/SPK064KBSCU048/SPK064KBSCU048M007.wav,많을 때는 섬 주변에서 일흔 여섯 마리 정도가 발견되기도 했습니다,많을 때는 섬 주변에서 76마리 정도가 발견되기도 했습니다,많을 때는 섬 주변에서 일은 여섯 마리 정도가 발견되기도 했습니다,0.1481,0.037,True
datasets/Sample/01.원천데이터/SPK064/SPK064KBSCU048/SPK064KBSCU048M005.wav,잠시 뒤 어미 배 밑에서 작고 귀여운 새끼 뿔제비갈매기가 모습을 드러냅니다,잠시 뒤 어미 배밑에서 작고 귀여운 새끼 뿔잽이 갈매기가 모습을 드러냅니다,잠시 뒤 엄히 배 밑에서 작고 귀여운 새끼 뿔제비 갈매기가 모습을 드러냅니다,0.0645,0.0645,False
datasets/Sample/01.원천데이터/SPK064/SPK064KBSCU048/SPK064KBSCU048M004.wav,어미 뿔제비갈매기가 정성껏 알을 품고 있습니다,어미 뿔잎이 갈매기가 정성껏 알을 품고 있습니다,어미 뿔제비 갈매기가 정성껏 알을 품고 있습니다,0.1,0.0,True
datasets/Sample/01.원천데이터/SPK064/SPK064KBSCU048/SPK064KBSCU048M002.wav,뿔제비갈매기는 지구 상에 남아있는 개체 수가 백 마리도 채 안 되는 멸종위기종입니다,뿔잡이 갈매기는 지구상에 남아있는 개체 수가 100마리도 채 안 되는 멸종 위기종입니다,뿔제비갈매기는 지구상에 남아있는 개체수가 백 마리도 채 안 되는 멸종위기종입니다,0.1429,0.0,True
datasets/Sample/01.원천데이터/SPK064/SPK064KBSCU048/SPK064KBSCU048M003.wav,저장 성 닝보 샹산 국가급 자연 보호구역입니다,저장성 닉보 상산 국가급 자연 보호구역입니다,저장성 닝보상산 국가급 자연 보호구역입니다,0.1053,0.0526,True
datasets/Sample/01.원천데이터/SPK064/SPK064KBSCU048/SPK064KBSCU048M010.wav,위급종은 야생에서 매우 높은 절멸 위기에 처한 보호대상으로 분류되고 있습니다,위급종은 야생에서 매우 높은 절 멸 유기에 처한 보호대상으로 분류되고 있습니다,위급종은 야생에서 매우 높은 절 멸 위기에 처한 보호대상으로 분류되고 있습니다,0.0303,0.0,True
datasets/Sample/01.원천데이터/SPK064/SPK064KBSCU048/SPK064KBSCU048M006.wav,연구팀과 자원봉사자들은 지난 사 월 이십 육 일부터 석 달간 번식기를 맞은 뿔제비갈매기를 관찰하기 시작했는데요,연구팀과 자연 봉사자들은 지난 4월 26일부터 석 달간 번식기를 맞은 뿔잽의 갈매기를 관찰하기 시작했는데요,연구팀과 자연 봉사자들은 지난 사 월 이십 육 일부터 석 달간 번식기를 맞은 뿔제비갈매기를 관찰하기 시작했는데요,0.1489,0.0213,True
datasets/Sample/01.원천데이터/SPK064/SPK064KBSCU048/SPK064KBSCU048M009.wav,뿔제비갈매기는 세계 자연보호 연맹이 발간하는 적색 목록에서도 최상위 단계인 위급종에 속하는데요,뿔잎이 갈매기는 세계자연보호 연맹이 발간하는 적승 목록에서도 최상위 단계인 위급종에 속하는데요,뿔제비갈매기는 세계 자연보호 연맹이 발간하는 적생 목록에서도 최상위 단계인 위급종에 속하는데요,0.0714,0.0238,True
datasets/Sample/01.원천데이터/SPK064/SPK064KBSCU048/SPK064KBSCU048M008.wav,뿔제비갈매기는 이번 번식기에 쉰 여덟 개의 알을 낳았는데 천적과 날씨 영향으로 열 아홉 개만 부화에 성공했습니다,불잡이 갈매기는 이번 번식기에 58개의 알을 나왔는데 천적과 날씨 영향으로 19개만 부화에 성공했습니다,뿔제비갈매기는 이번 번식기에 쉰 여덟 개의 압을 낳았는데 천적과 날씨 영향으로 열 아홉 개만 부화에 성공했습니다,0.234,0.0213,True
datasets/Sample/01.원천데이터/SPK064/SPK064KBSCU048/SPK064KBSCU048M001.wav,중국 저장 성에서 뿔제비갈매기 열 아홉 마리가 태어났습니다,중국 저장성에서 불제비 갈매기 19마리가 태어났습니다,중국 저장성에서 뿔제비갈매기 열 아홉 마리가 태어났습니다,0.16,0.0,True
datasets/Sample/01.원천데이터/SPK064/SPK064KBSCU004/SPK064KBSCU004M001.wav,배우 고 김주혁 씨가 출연한 영화 흥부가 개봉을 앞두고 있습니다,배우 고 김주혁 씨가 출연한 영화 흥부가 개봉을 앞두고 있습니다,배우 고 김주혁 씨가 출연한 영화 흥부가 개봉을 앞두고 있습니다,0.0,0.0,False
datasets/Sample/01.원천데이터/SPK064/SPK064KBSCU004/SPK064KBSCU004M007.wav,소식을 접한 누리꾼들은 김주혁 씨를 스크린에서 다시 보게 돼 반갑다면서도 한편으론 고인의 빈자리가 더 크게 느껴질 것 같다며 기대와 그리움을 함께 드러내고 있습니다,소식을 접한 누리꾼들은 김주혁 씨를 스크린에서 다시 보게 될 반갑다면서도 한편으론 고임의 빈자리가 더 크게 느껴질 것 같다며 기대와 그리움을 함께 드러내고 있습니다,소식을 접한 누리꾼들은 김주혁 씨를 스크린에서 다시 보게 돼 반갑다면서도 한편으론 고인의 빈자리가 더 크게 느껴질 것 같다며 기대와 그리움을 함께 드러내고 있습니다,0.029,0.0,True
datasets/Sample/01.원천데이터/SPK064/SPK064KBSCU004/SPK064KBSCU004M002.wav,고인의 유작인데다 고전소설 흥부전을 재해석한 줄거리도 기대를 모으고 있습니다,고인의 유작인데다 고전소설 흥부전을 재해석한 줄거리 도 기대를 모으고 있습니다,고인의 유작인데다 고전소설 흥부전을 재해석한 줄거리도 기대를 모으고 있습니다,0.0,0.0,False
datasets/Sample/01.원천데이터/SPK064/SPK064KBSCU004/SPK064KBSCU004M004.wav,김주혁 씨는 지난해 십 월 갑작스런 사고가 있기 전 두 편의 영화에서 자신의 분량을 모두 촬영해둔 상태였는데요,김주혁 씨는 지난해 10월 갑작스러운 사고가 있기 전 두편의 영화에서 자신의 분량을 모두 촬영해둔 상태였는데요,김주혁 씨는 지난해 십 월 갑작스런 사고가 있기 전 두 편의 영화에서 자신의 분량을 모두 촬영해둔 상태였는데요,0.0889,0.0,True
datasets/Sample/01.원천데이터/SPK064/SPK064KBSCU004/SPK064KBSCU004M005.wav,흥부는 그중 한 편입니다,흥분은 그중 한 편입니다,,0.2,1.0,False
datasets/Sample/01.원천데이터/SPK064/SPK064KBSCU004/SPK064KBSCU004M006.wav,고전소설 흥부전을 소재로한 이 영화는 흥부전의 진짜 작가와 주인공을 밝혀내는 이야기로 극중 김주혁 씨는 조선 후기 백성들을 돌보는 양반 조혁 역을 맡아 정진영 정우 씨와 호흡을 맞췄습니다,고전소설 흥부전을 소재로 한 이 영화는 흥부전의 진짜 작가와 주인공을 밝혀내는 이야기로 극중 김주혁 씨는 조선 후기 백성들을 돌보는 양반 조현력을 맡아 정진영 정우 씨와 호흡을 마쳤습니다,고전소설 흥부전을 소재로한 이 영화는 흥부전의 진짜 작가와 주인공을 밝혀내는 이야기로 극중 김주혁 씨는 조선 후기 백성들을 돌보는 양반 조혁 역을 맡아 정진영 정우 씨와 호흡을 맞췄습니다,0.0513,0.0,True
datasets/Sample/01.원천데이터/SPK064/SPK064KBSCU004/SPK064KBSCU004M003.wav,영화 흥부의 배급사 측은 최근 작품의 후반 작업을 마치고 오는 설 연휴 극장 개봉을 확정했다고 밝혔습니다,영화 흥부의 배급사 측은 최근 작품의 후반 작업을 마치고 오는 설 연휴 극장 개봉을 확정했다고 밝혔습니다,영화 흥부의 배급사 측은 최근 작품의 후반 작업을 마치고 오는 설 연휴 극장 개봉을 확정했다고 밝혔습니다,0.0,0.0,False
datasets/Sample/01.원천데이터/SPK064/SPK064KBSCU047/SPK064KBSCU047M006.wav,관객들은 객실 전망에 따라 최대 팔 만 원가량의 일 박 객실료를 내면 되고 최대 네 명 까지만 발코니로 나와 공연을 볼 수 있는데요,관객들은 객실 전망에 따라 최대 8만 원가량의 일박 객실료를 내면 되고 최대 4명까지만 발콘이로 나와 공연을 볼 수 있는데요,관객들은 객실 전망에 따라 최대 팔 만 원가량의 일 박 객실료를 내면 되고 최대 네 명까지만 발코니로 나와 공연을 볼 수 있는데요,0.0784,0.0,True
datasets/Sample/01.원천데이터/SPK064/SPK064KBSCU047/SPK064KBSCU047M007.wav,지난 주말에는 삼백 오십 여 명 이용객이 아흔 개 객실 발코니에서 이 특별한 콘서트를 즐겼다고 합니다,지난 주말에는 350여 명 이용객이 90개 객실 발코니에서 이 특별한 콘서트를 즐겼다고 합니다,지난 주말에는 삼백 오십 여 명 이용객이 아흔 개 객실 발코니에서 이 특별한 콘서트를 즐겼다고 합니다,0.1463,0.0,True
datasets/Sample/01.원천데이터/SPK064/SPK064KBSCU047/SPK064KBSCU047M001.wav,코로나 시대에 거리 두기 수칙을 지키면서 즐겁게 공연을 관람할 수 있는 아이디어들이 속속 등장하는 가운데 우크라이나에선 호텔 건물 구조를 이용한 이색 야외 콘서트가 벌어졌습니다,코로나 시대의 거리두기 수칙을 지키면서 즐겁게 공연을 관렴할 수 있는 아이디어들이 속속 등장하는 가운데 우크라이나에선 호텔 건물 구조를 이용한 이색 야외 콘서트가 벌어졌습니다,코로나 시대에 거리 두기 수칙을 지키면서 즐겁게 공연을 관람할 수 있는 아이디어들이 속속 등장하는 가운데 우크라이나에선 호텔 건물 구조를 이용한 이색 야외 콘서트가 벌어졌습니다,0.0267,0.0,True
datasets/Sample/01.원천데이터/SPK064/SPK064KBSCU047/SPK064KBSCU047M004.wav,기존 콘서트와 다르게 수직 구조의 객실 발코니를 관람석으로 삼았고 가수들은 객실 건물 맞은편 옥상에 설치된 특설 무대에서 라이브 공연을 펼치는 형탠데요,기존 콘서트와 다르게 수직 구조의 객실 발코니를 관람석으로 삼았고 가수들은 객실 건물 맞은편 옥상에 설치된 특설무대에서 라이브 공연을 펼치는 형태인데요,기존 콘서트와 다르게 수직 구조의 객실 발코니를 관람석으로 삼았고 가수들은 객실 건물 맞은편 옥상에 설치된 특설 무대에서 라이브 공연을 펼치는 형태인데요,0.0312,0.0312,False
datasets/Sample/01.원천데이터/SPK064/SPK064KBSCU047/SPK064KBSCU047M005.wav,관객들과 자연스럽게 거리두기를 지키면서 다 함께 마음껏 음악을 즐길 수 있도록 기획했다고 합니다,관객들과 자연스럽게 거리두기를 지키면서 다 함께 마음껏 음악을 즐길 수 있도록 기획했다고 합니다,관객들과 자연스럽게 거리 두기를 지키면서 다 함께 마음껏 음악을 즐길 수 있도록 기획했다고 합니다,0.0,0.0,False
datasets/Sample/01.원천데이터/SPK064/SPK064KBSCU047/SPK064KBSCU047M003.wav,이 현장은 우크라이나 키예프의 한 호텔에서 펼쳐진 일명 버티컬 콘서트입니다,이 현장은 우크라이나 키에프의 한 호텔에서 펼쳐진 일명 버티컬 콘서트입니다,이 현장은 우크라이나 키예프의 한 호텔에서 펼쳐진 일명 버티컬 콘서트입니다,0.0312,0.0,True
datasets/Sample/01.원천데이터/SPK064/SPK064KBSCU047/SPK064KBSCU047M002.wav,층별마다 발코니로 나온 사람들이 인기 록 밴드의 라이브 음악에 맞춰 춤을 추거나 힘찬 헤드뱅잉을 선보입니다,층별마다 발콘이로 나온 사람들이 인기 록밴드의 라이브 음악에 맞춰 춤을 추거나 힘찬 헤드뱅킹을 선보입니다,층별마다 발코니로 나온 사람들이 인기 록밴드의 라이브 음악에 맞춰 춤을 추거나 힘찬 헤드뱅잉을 선보입니다,0.0667,0.0,True
datasets/Sample/01.원천데이터/SPK064/SPK064KBSCU049/SPK064KBSCU049M003.wav,작은 몸집에 동그란 눈을 깜빡거리며 아기 호랑이 다섯 마리가 우리 구석에 한데 모여 장난을 치고 있습니다,작은 몸집에 동그란 눈을 깜빡거리며 악의 호랑이 5마리가 우리 구석에 한 대 모여 장난을 치고 있습니다,작은 몸집에 동그란 눈을 깜빡거리며 아기 호랑이 다섯 마리가 우리 구석에 한 대 모여 장난을 치고 있습니다,0.1163,0.0233,True
datasets/Sample/01.원천데이터/SPK064/SPK064KBSCU049/SPK064KBSCU049M005.wav,지난 육 월 이십 칠 일 엄마 건곤이와 아빠 태호사이에서 태어난 한국 호랑이 오 남매 아름 다운 우리 나라 강산,지난 6월 27일 엄마 건고니와 아빠 태우 사이에서 태어난 한국호랑의 온안매 아름 다운 우리 나라 강산,지난 육 월 이십 칠 일 엄마 건고니와 아빠 태호사이에서 태어난 한국호랑이 오 남매 아름 다운 우리 나라 강산,0.2326,0.0465,True
datasets/Sample/01.원천데이터/SPK064/SPK064KBSCU049/SPK064KBSCU049M006.wav,보름 전부터 우리에서 나와 바깥 시설 적응 기간을 거쳐 어제 처음으로 일반에 모습이 공개됐습니다,보름 전부터 우리에서 나와 바깥시설 적응기간을 거쳐 어제 처음으로 일반의 모습이 공개됐습니다,보름 전부터 우리에서 나와 바깥 시설 적응 기간을 거쳐 어제 처음으로 일반의 모습이 공개됐습니다,0.025,0.025,False
datasets/Sample/01.원천데이터/SPK064/SPK064KBSCU049/SPK064KBSCU049M002.wav,멸종위기종 일 급인 한국호랑이는 한 번에 두 세 마리 정도만 출산하는 것으로 알려져 있어 오 남매가 한 번에 태어난 것은 세계적으로도 매우 희귀한 사례입니다,멸종 위기종 1급인 한국호랑이는 한 번에 두 세 마리 정도만 출산하는 것으로 알려져 있어 온안매가 한 번에 태어난 것은 세계적으로도 매우 희귀한 사례입니다,멸종위기종 일 급인 한국호랑이는 한 번에 두 세 마리 정도만 출산하는 것으로 알려져 있어 오 남매가 한 번에 태어난 것은 세계적으로도 매우 희귀한 사례입니다,0.0469,0.0,True
datasets/Sample/01.원천데이터/SPK064/SPK064KBSCU049/SPK064KBSCU049M010.wav,아름 다운 우리 나라 강산 아기호랑이 오 남매의 성장 일기는 앞으로 공식 에스 엔 에스 등을 통해 일반에 꾸준히 공개될 예정입니다,아름 다운 우리 나라 강산 악의 호랑이 온압매의 성장 일기는 앞으로 공식 SNS 등을 통해 일반의 꾸준히 공개될 예정입니다,아름 다운 우리 나라 강산 아기 호랑이 오 남매의 성장 일기는 앞으로 공식 에스 에스 등을 통해 일반에 꾸준히 공개될 예정입니다,0.1923,0.0192,True
datasets/Sample/01.원천데이터/SPK064/SPK064KBSCU049/SPK064KBSCU049M009.wav,호랑이 이름 응모에만 이 천여 건의 의견이 모였을 정도로 공개 전부터 많은 관심을 받았습니다,호랑이 이름 응모에만 2천여 건의 의견이 모였을 정도로 공개 전부터 마른 관심을 받았습니다,호랑이 이름 응모에만 이 천 여 건의 의견이 모였을 정도로 공개 전부터 많은 관심을 받았습니다,0.0789,0.0,True
datasets/Sample/01.원천데이터/SPK064/SPK064KBSCU049/SPK064KBSCU049M008.wav,멸종위기종 일 급인 한국 호랑이는 보통 한 번에 두 세 마리 정도만 출산하는 것으로 알려져 있는데 이렇게 오 남매가 한꺼번에 태어난 것은 세계적으로 매우 희귀한 사례로 꼽힙니다,멸종 위기종 1급인 한국호랑이는 보통 한 번에 두 세 마리 정도만 출산하는 것으로 알려져 있는데 이렇게 온압매가 한꺼번에 태어난 것은 세계적으로 매우 희귀한 사례로 꼽힙니다,멸종위기종 일 급인 한국호랑이는 보통 한 번에 두 세 마리 정도만 출산하는 것으로 알려져 있는데 이렇게 오 남매가 한꺼번에 태어난 것은 세계적으로 매우 희귀한 사례로 꼽힙니다,0.0417,0.0,True
datasets/Sample/01.원천데이터/SPK064/SPK064KBSCU049/SPK064KBSCU049M001.wav,지난 육 월 태어난 한국호랑이 오 남매가 어제 일반에 처음 공개됐습니다,지난 6월 태어난 한국호랑의 온안매가 어제 일반에 처음 공개됐습니다,지난 육 월 태어난 한국 호랑이 오 남매가 어제 일반에 처음 공개됐습니다,0.1379,0.0,True
datasets/Sample/01.원천데이터/SPK064/SPK064KBSCU049/SPK064KBSCU049M004.wav,엄마에게 서로 올라가기 위해 귀여운 몸싸움도 벌이지만 놀 때도 잘 때도 절대 떨어지지 않고 붙어있는 사이 좋은 오 남매입니다,엄마에게 서로 올라가기 위해 귀여운 몸싸움도 버리지만 놀 때도 잘 때도 절대 떨어지지 않고 붙어있는 사이좋은 온압맵니다,엄마에게 서로 올라가기 위해 귀여운 몸싸움도 벌이지만 놀 때도 잘 때도 절대 떨어지지 않고 붙어있는 사이 좋은 오남매입니다,0.1176,0.0,True
datasets/Sample/01.원천데이터/SPK064/SPK064KBSCU049/SPK064KBSCU049M007.wav,일 킬로그램 남짓 작은 몸으로 태어난 아기 호랑이들은 백 일을 앞두고 현재 몸무게가 십 킬로그램 이 넘어갈 정도로 건강하게 성장하고 있습니다,1kg 남짓 작은 몸으로 태어난 아기 호랑이들은 100일을 앞두고 현재 몸무게가 10kg이 넘어갈 정도로 건강하게 성장하고 있습니다,일 킬로그램 남짓 작은 몸으로 태어난 아기 호랑이들은 백 일을 앞두고 현재 몸무게가 십 킬로그램이 넘어갈 정도로 건강하게 성장하고 있습니다,0.2241,0.0,True
datasets/Sample/01.원천데이터/SPK064/SPK064KBSCU009/SPK064KBSCU009M001.wav,박찬욱 감독의 영화 아가씨가 다음 달 십 팔 일 열리는 영국 아카데미 시상식에 외국어 영화상 후보로 선정됐습니다,박찬욱 감독의 영화 아가씨가 다음 달 18일 열리는 영국 아카데미 시상식의 외국어 영화상 후보로 선정됐습니다,박찬욱 감독의 영화 아가씨가 다음 달 십 팔 일 열리는 영국 아카데미 시상식에 외국어 영화상 후보로 선정됐습니다,0.0652,0.0,True
datasets/Sample/01.원천데이터/SPK064/SPK064KBSCU009/SPK064KBSCU009M005.wav,한편 박찬욱 감독은 최근 영국 비 비 씨 방송의 티 브이 드라마 연출을 맡아 올초 촬영을 시작할 것으로 알려져 이번 시상식 진출과 함께 현지에서의 입지도 더욱 공고해질 것으로 전망됩니다,한편 박찬욱 감독은 최근 영국 BBC 방송의 TV 드라마 출연을 맡아 올초 촬영을 시작할 것으로 알려져 이번 시상식 진출과 함께 현지에서의 입지도 더욱 공고해질 것으로 전망됩니다,한편 박찬욱 감독은 최근 영국 비 비 씨 방송의 티 브이 드라마 출연을 맡아 올초 촬영을 시작할 것으로 알려져 이번 시상식 진출과 함께 현지에서의 입지도 더욱 공고해질 것으로 전망됩니다,0.1067,0.0267,True
datasets/Sample/01.원천데이터/SPK064/SPK064KBSCU009/SPK064KBSCU009M003.wav,한국 영화가 영국 아카데미 시상식의 주요 부문에 후보로 오른 것은 이번이 처음인데요,한국 영화가 영국 아카데미 시상식의 주요 부문의 후보로 오른 것은 이번이 처음인데요,항공영화가 영국 아카데미 시상식의 주요 부문에 후보로 오른 것은 이번이 처음인데요,0.0286,0.0571,False
datasets/Sample/01.원천데이터/SPK064/SPK064KBSCU009/SPK064KBSCU009M002.wav,이 시상식은 올해 칠십 일 회째를 맞는 영미권 주요 영화 행사로 상을 주관하는 영국영화 티 브이 예술아카데미는 어제 공식 홈페이지에 아가씨를 포함한 다섯 편의 후보작을 공개했습니다,이 시상식은 올해 71회째를 맞는 영미권 주요 영화 행사로 상을 주관하는 영국 영화 TV 예술 아카데미는 어제 공식 홈페이지에 아가씨를 포함한 5편의 후보잭을 공개했습니다,이 시상식은 올해 칠십 일 해져를 맞는 영미권 주요 영화 행사로 상을 주관하는 영국영화 티 브이 예술 아카데미는 어제 공식 홈페이지에 아가씨를 포함한 다섯 편의 후보작을 공개했습니다,0.12,0.0267,True
datasets/Sample/01.원천데이터/SPK064/SPK064KBSCU009/SPK064KBSCU009M004.wav,박찬욱 감독의 아가씨는 이천 십 육 년 개봉한 이래 제 육십 구 회 칸 국제영화제 경쟁부문 진출과 미국 엘 에이 비평가협회 외국어 영화상 수상 등 국제 무대에서 꾸준한 관심과 성과를 이어온 바 있어 또 한 번의 수상 가능성도 점쳐지고 있습니다,박찬욱 감독의 아가씨는 2016년 개봉한 이래 제69회 칸 국제영화제의 경쟁부문 진출과 미국 LAB 평가협회 외국어 영화상 수상 등 국제무대에서 꾸준한 관심과 성과를 이어 온바 있어 또 한 번의 수상 가능성도 점쳐지고 있습니다,박찬욱 감독의 아가씨는 이천 십 육 년 개봉한 이래 제 육십 구 회 칸 국제영화제 경쟁부문 진출과 미국 엘 에이 비평가협회 외국어 영화상 수상 등 국제 무대에서 꾸준한 관심과 성과를 이어온 바 있어 또 한 번의 수상 가능성도 점쳐지고 있습니다,0.125,0.0,True
datasets/Sample/01.원천데이터/SPK082/SPK082SBSCU083/SPK082SBSCU083M003.wav,영화음악가 존 윌리암스를 테마로 스타워즈와 인디아나 존스 등 귀에 익은 영화음악을 연주하는 둘째 날은 대중성을 강조했습니다,영화 음악과 존 윌리암스를 테마로 스타워즈나 인디아나 존스 등 귀에 익은 영화 음악을 연주하는 둘째 날은 대중성을 강조했습니다,영화음악가 존 윌리암스를 테마로 스타워즈 나 인디아나 존스 등 귀에 익은 영화음악을 연주하는 둘째 날은 대중성을 강조했습니다,0.0377,0.0189,True
datasets/Sample/01.원천데이터/SPK082/SPK082SBSCU083/SPK082SBSCU083M007.wav,유도 검도 특공무술을 응용한 액션 장면과 박진감 넘치는 군무가 돋보입니다,유도 검도 특공무술을 응용한 액션 장면과 박진갑 넘치는 군무가 돋보입니다,유도 검도 특공무술을 응용한 액션 장면과 박진감 넘치는 군무가 돋보입니다,0.0323,0.0,True
datasets/Sample/01.원천데이터/SPK082/SPK082SBSCU083/SPK082SBSCU083M009.wav,국립 극단의 올해 첫 공연은 프랑스 소설가 로맹 가리의 소설이 원작인 자기 앞의 생입니다,국립극단의 올해 첫 공연은 프랑스 수설과 로맹가리의 수설이 원작인 자기 앞에 생입니다,국립극단의 올해 첫 공연은 프랑스 소설과 로맹가리의 소설이 원작인 자기 앞에 생입니다,0.1111,0.0556,True
datasets/Sample/01.원천데이터/SPK082/SPK082SBSCU083/SPK082SBSCU083M002.wav,우선 음악감독 구스타보 두다멜 지휘 유자 왕 협연으로 말러 교향곡 일 번과 존 아담스의 피아노 협주곡을 선보입니다,우선 음악감도 구스타보 두다멜 지휘 유자왕 협연으로 말러교양곡 1번과 존 나담스의 피아노 협주곡을 선보입니다,,0.0851,1.0,False
datasets/Sample/01.원천데이터/SPK082/SPK082SBSCU083/SPK082SBSCU083M001.wav,창립 백 주년을 맞은 엘 에이 필하모닉 오케스트라가 사흘간 다양한 공연으로 한국 관객들을 만납니다,창립 백주년을 맞은 LA 피라모닉 오케스트라가 사흘간 다양한 공연으로 한국 관객들을 만납니다,창립 백 주년을 맞은 엘 에이 피라모닉 오키스트로가 사흘간 다양한 공연으로 한국 관객들을 만납니다,0.122,0.0976,True
datasets/Sample/01.원천데이터/SPK082/SPK082SBSCU083/SPK082SBSCU083M005.wav,고 김광석의 노래로 만든 뮤지컬 그날들은 청와대 경호실을 배경으로 과거와 현재를 넘나들며 펼쳐지는 사랑 이야기입니다,고 김광석의 노래로 만든 뮤지컬 그날들은 청와대 경우실 배경으로 과거와 현재를 넘나들며 펼쳐지는 사랑 이야기입니다,고 김광석의 노래로 만든 뮤지컬 그 날들은 청와대 경호실을 배경으로 과거와 현재를 넘나들며 펼쳐지는 사랑 이야기입니다,0.04,0.0,True
datasets/Sample/01.원천데이터/SPK082/SPK082SBSCU083/SPK082SBSCU083M004.wav,셋째 날은 엘 에이 필하모닉의 수석 연주자들에 피아니스트 유자왕 바이올리니스트 에스더 유가 가세하는 실내악 콘서트입니다,셋째 날은 LA 피라노믹의 수성 연주자들의 피아니스트 유자왕 바이올리니스트의 에스터유가 가세하는 실내하 콘서트입니다,세째 날은 엘 에이 피라 노믹의 수석 연주자들의 피아니스트 유자왕 바이올리니스트 에스더 유가 가세하는 실내악 콘서트입니다,0.2308,0.1154,True
datasets/Sample/01.원천데이터/SPK082/SPK082SBSCU083/SPK082SBSCU083M006.wav,과감한 편곡을 거친 김광석의 노래들이 원곡의 정서와는 동떨어진 상황에 배치되지만 스토리와 잘 들어맞는 묘미가 있습니다,과감한 편곡을 거친 김광성의 노래들이 원곡의 정서와는 동떨어진 상황에 배치되지만 스토리와 잘 들어맞는 묘미가 있습니다,과감한 편곡을 거친 김광석의 노래들이 원곡의 정서와는 동떨어진 상황에 배치되지만 스토리와 잘 들어맞는 묘미가 있습니다,0.0196,0.0,True
datasets/Sample/01.원천데이터/SPK082/SPK082SBSCU083/SPK082SBSCU083M008.wav,파리 슬럼가의 아파트를 배경으로 부모가 누구인지 모르는 아랍계 소년 모모와 오갈 데 없는 아이들을 돌보는 유대인 보모 로자의 이야기가 펼쳐집니다,파리 슬럼가의 아파트를 배경으로 부모가 누구인지 모르는 아랍게 소년 모모와 오갈대 없는 아이들을 돌보는 유대인 보모로자 이야기가 펼쳐집니다,파리 슬럼가의 아파트를 배경으로 부모가 누구인지 모르는 아랍계 소년 모모와 오갈 데 없는 아이들을 돌보는 유대인 보모로자의 이야기가 펼쳐집니다,0.0492,0.0,True
datasets/Sample/01.원천데이터/SPK082/SPK082SBSCU083/SPK082SBSCU083M010.wav,인종과 종교 나이의 장벽을 뛰어넘은 등장인물의 관계를 통해 따뜻한 인간애의 메시지를 전합니다,인종과 종교 나이에 장벽을 뛰어넘은 등장인물의 관계를 통해 따뜻한 인간의 메시지를 전합니다,인종과 종교 나이의 장벽을 뛰어넘은 등장인물의 관계를 통해 따뜻한 인간의 메시지를 전합니다,0.05,0.025,True
datasets/Sample/01.원천데이터/SPK082/SPK082SBSCU091/SPK082SBSCU091M004.wav,엄마 아빠 판다랑 비교하면 정말 작은 크기인데요,엄마 아빠 판다랑 비교하면 정말 작은 크기인데요,엄마 아빠 판다랑 비교하면 정말 작은 크기인데요,0.0,0.0,False
datasets/Sample/01.원천데이터/SPK082/SPK082SBSCU091/SPK082SBSCU091M003.wav,이틀 전인 이십 일 밤에 태어난 이 판다는 키는 십 육 점 오 센티미터 몸무게는 백 구십 칠 그램 암컷으로 우리나라에서 태어난 최초의 판다라고 합니다,이틀 전인 20일 밤에 태어난 이 판단은 키는 165cm 몸무게는 197kg 암컷으로 우리나라에서 태어난 최초의 판단이라고 합니다,이틀 전인 이십 일 밤에 태어난 이 판다는 키는 십 육 점 오 센티미터 몸무게는 백 구십 칠 킬로그램 암컷으로 우리나라에서 태어난 최초의 판다라고 합니다,0.339,0.0339,True
datasets/Sample/01.원천데이터/SPK082/SPK082SBSCU091/SPK082SBSCU091M005.wav,판다는 원래 성체의 팔백 분의 일 에서 구백 분의 일 수준으로 태어날 때 아주 작게 태어나는 특성을 갖고 있습니다,판단은 원래 성체 800분의 1에서 900분의 1 수준으로 태어날 때 아주 작게 태어나는 특성을 갖고 있습니다,판다는 원래 성체의 팔백 분의 일에서 구백 분의 일 수준으로 태어날 때 아주 작게 태어나는 특성을 갖고 있습니다,0.2222,0.0,True
datasets/Sample/01.원천데이터/SPK082/SPK082SBSCU091/SPK082SBSCU091M007.wav,지금도 엄마 판다와 아기 판다 모두 건강한 상태라고 합니다,지금도 엄마 판다와 아기 판다 모두 건강한 상태라고 합니다,지금도 엄마 판다와 아기 판다 모두 건강한 상태라고 합니다,0.0,0.0,False
datasets/Sample/01.원천데이터/SPK082/SPK082SBSCU091/SPK082SBSCU091M002.wav,경기도 용인 에버랜드에 살고 있는 암컷 아이바오와 수컷 러바오 사이에서 태어난 아기 판다입니다,경의도 용인 에버랜드에 살고 있는 암컷 아이바오와 숙헌 러바오 사이에서 태어난 아기 판다입니다,경의도 용인 에버랜드에 살고 있는 암컷 아이바오와 수컷 러바오 사이에서 태어난 아기 판다입니다,0.075,0.025,True
datasets/Sample/01.원천데이터/SPK082/SPK082SBSCU091/SPK082SBSCU091M009.wav,누리꾼들은 어쩜 이렇게 작고 귀여울 수가 고귀한 생명의 탄생이네요 많이 먹고 건강하게 자라길 하는 등의 반응을 보였습니다,누리꾼들은 어쩜 이렇게 작고 귀여울 수가 고귀한 생명의 탄생이네요 많이 먹고 건강하게 자라길 하는 등의 반응을 보였습니다,누리꾼들은 어쩜 이렇게 작고 귀여울 수가 고귀한 생명의 탄생이네요 많이 먹고 건강하게 자라길 하는 등의 반응을 보였습니다,0.0,0.0,False
datasets/Sample/01.원천데이터/SPK082/SPK082SBSCU091/SPK082SBSCU091M006.wav,에버랜드 사육사들은 판다의 가임기가 일 년에 단 사흘에 불과하다는 점을 고려해서 따로 전담 팀까지 만들어 판다의 임신과 출산에 힘썼다고 하는데요,에버랜드 사용사들은 판다의 가임기가 1년에 단 4흘에 불과하다는 점을 고려해서 따로 전담팀까지 만들어 판다의 임신과 출산에 힘썼다고 하는데요,에버랜드 사육사들은 판다의 가임기가 일 년에 단 사흘에 불과하다는 점을 고려해서 따로 전담 팀까지 만들어 판다의 임신과 출산에 힘썼다고 하는데요,0.0492,0.0,True
datasets/Sample/01.원천데이터/SPK082/SPK082SBSCU091/SPK082SBSCU091M001.wav,세계적 멸종 위기종인 자이언트 판다가 우리나라에서 처음으로 자연 번식에 성공했습니다,세계적 멸종 위기종인 자이언트 판다가 우리나라에서 처음으로 자연 번식에 성공했습니다,세계적 멸종 위기종인 자이언트 판다가 우리나라에서 처음으로 자연 번식에 성공했습니다,0.0,0.0,False
datasets/Sample/01.원천데이터/SPK082/SPK082SBSCU091/SPK082SBSCU091M008.wav,엄마 아빠 판다인 아이바오와 러바오는 이천 십 육 년 시진핑 중국 국가주석이 한중 친선 도모의 상징으로 보내서 우리나라에 오게 됐고 그 뒤 천 육백 일 일 만에 자연 번식에 성공한 겁니다,엄마 아빠 판다인 아이바와 러바오는 2016년 시진핑 중국 국가주석이 한중 친선 도모의 상징으로 보내 서 우리나라에 오게 됐고 그 뒤 1600일 만에 자연 번식에 성공한 겁니다,엄마 아빠 판다인 아이바오와 러바오는 이천 십 육 년 시진핑 중국 국가주석이 한중 친선 도모의 상징으로 보내서 우리나라에 오게 됐고 그 뒤 천 육백 일 만에 자연 번식에 성공한 겁니다,0.1216,0.0135,True
datasets/Sample/01.원천데이터/SPK082/SPK082SBSCU088/SPK082SBSCU088M002.wav,유네스코 세계문화유산으로 등재된 창덕궁의 아름다운 야경은 물론이고 전문 해설사가 전해주는 조선왕조 이야기도 즐길 수 있는데요,유네스코 세계 문화유산으로 등재된 창덕궁의 아름다운 야경은 물론이고 전문 해설사가 전해주는 조선왕조 이야기도 즐길 수 있는데요,유네스코 세계문화유산으로 등재된 창덕궁의 아름다운 야경은 물론이고 전문 해설사가 전해주는 조선왕조 이야기도 즐길 수 있는데요,0.0,0.0,False
datasets/Sample/01.원천데이터/SPK082/SPK082SBSCU088/SPK082SBSCU088M007.wav,올해는 모두 백 이 회의 행사가 예정돼 있는데요,올해는 모두 102회의 행사가 예정되어 있는데요,올해는 모두 백 이 회의 행사가 예정돼 있는데요,0.2632,0.0,True
datasets/Sample/01.원천데이터/SPK082/SPK082SBSCU088/SPK082SBSCU088M006.wav,하지만 아직 하반기 입장권을 살 수 있는 기회가 남아 있습니다,하지만 아직 하반기 입장권을 살 수 있는 기회가 남아 있습니다,하지만 아직 하반기 입장권을 살 수 있는 기회가 남아 있습니다,0.0,0.0,False
datasets/Sample/01.원천데이터/SPK082/SPK082SBSCU088/SPK082SBSCU088M003.wav,뿐만 아니라 맛있는 다과와 함께 전통예술 공연을 감상하는 등 다채로운 프로그램이 마련돼 있어 매년 뜨거운 사랑을 받고 있습니다,뿐만 아니라 맛있는 다가와 함께 전통 예술공연을 감상하는 등 다채로운 프로그램이 마련돼 있어 매년 뜨거운 사랑을 받고 있습니다,뿐만 아니라 맛있는 다가와 함께 전통 예술 공연을 감상하는 등 다채로운 프로그램이 마련돼 있어 매년 뜨거운 사랑을 받고 있습니다,0.0189,0.0189,False
datasets/Sample/01.원천데이터/SPK082/SPK082SBSCU088/SPK082SBSCU088M001.wav,올해로 십 년째를 맞는 창덕궁 달빛 기행 행사가 오는 사 월 사 일부터 열립니다,올해로 10년째를 맞는 창덕궁 달빛기행 행사가 오는 4월 4일부터 열립니다,올해로 십 년째를 맞는 창덕궁 달빛 기행 행사가 오는 사 월 사 일부터 열립니다,0.129,0.0,True
datasets/Sample/01.원천데이터/SPK082/SPK082SBSCU088/SPK082SBSCU088M005.wav,오늘도 판매가 시작되자마자 신청자가 몰려 곧바로 매진됐습니다,오늘도 판매가 시작되자마자 신청자가 물려 곧바로 매진됐습니다,오늘도 판매가 시작되자마자 신청자가 몰려 곧바로 매진됐습니다,0.037,0.0,True
datasets/Sample/01.원천데이터/SPK082/SPK082SBSCU088/SPK082SBSCU088M004.wav,다만 문화유산 보호와 원활한 행사 진행을 위해 참여 인원을 회당 백 명으로 제한하고 있어 매번 입장권 예매 전쟁 이 벌어지는데요,다만 문화유산 보호와 원활한 행사 진행을 위해 참여인원을 회당 100명으로 제한하고 있어 매번 입장권 예매 전쟁이 벌어지는데요,다만 문화유산 보호와 원활한 행사 진행을 위해 참여 인원을 회당 백 명으로 제한하고 있어 매번 입장권 예매 전쟁이 벌어지는데요,0.0577,0.0,True
datasets/Sample/01.원천데이터/SPK082/SPK082SBSCU088/SPK082SBSCU088M008.wav,그중 팔 월 이십 이 일부터 십 월 이십 칠 일까지 육십 회에 걸쳐 진행되는 하반기 입장권은 오는 팔 월 칠 일부터 판매될 예정이라고 하니 달력에 표시해 두시는 게 좋겠죠,그중 8월 22일부터 10월 27일까지 60표에 걸쳐 진행되는 하반기 입장권은 오는 8월 7일부터 판매될 예정이라고 하니 달력에 표시해두는 게 좋겠죠,그중 팔 월 이십 이 일부터 십 월 이십 칠 일까지 육십 회에 걸쳐 진행되는 하반기 입장권은 오는 팔 월 칠 일부터 판매될 예정이라고 하니 달력에 표시해두는 게 좋겠죠,0.2273,0.0152,True
datasets/Sample/01.원천데이터/SPK082/SPK082SBSCU087/SPK082SBSCU087M002.wav,저도 한 번 시도했다가 실패했는데요,저도 한 번 시도했다가 실패했는데요,저도 한 번 시도했다가 실패했는데요,0.0,0.0,False
datasets/Sample/01.원천데이터/SPK082/SPK082SBSCU087/SPK082SBSCU087M003.wav,언제 봐도 에너지 넘치는 나훈아 씨의 공연 부모님 세대라면 누구나 꼭 한번 가보고 싶다 하실 텐데요,언제봐도 에너지 넘치는 나훈아 씨의 공연 부모님 세대라면 누구나 꼭 한번 가보고 싶다고 하실 텐데요,언제봐도 에너지 넘치는 나훈아 씨의 공연 부모님 세대라면 누구나 꼭 한 번 가보고 싶다고 하실텐데요,0.025,0.025,False
datasets/Sample/01.원천데이터/SPK082/SPK082SBSCU087/SPK082SBSCU087M008.wav,온라인 예매에 서투른 어르신분들을 대신해서 자녀들이 발 벗고 나선 결과 실시간 검색어 일 위는 물론 한때 예매 사이트를 마비시키기도 했습니다,온라인 예매의 서툴은 어르신들을 대신해서 자녀들이 발뻤고 나서는 결과 실시간 검색어 1위는 물론 한때 예매 사이트를 마비시키기도 했습니다,온라인 예매에 서투른 어르신들을 대신해서 자녀들이 발뻗고 나선 결과 실시간 검색어 일 위는 물론 한때 예매 사이트를 마비시키기도 했습니다,0.1356,0.0339,True
datasets/Sample/01.원천데이터/SPK082/SPK082SBSCU087/SPK082SBSCU087M006.wav,중고 사이트에는 벌써부터 남은 표를 구하는 사람들이 몰리고 있습니다,중고 사이트에서는 벌써부터 남은 표를 구하는 사람들이 몰리고 있습니다,중고 사이트에서는 벌써부터 남은 표를 구하는 사람들이 몰리고 있습니다,0.0345,0.0345,False
datasets/Sample/01.원천데이터/SPK082/SPK082SBSCU087/SPK082SBSCU087M001.wav,영원한 오빠 로 불리는 나훈아 씨의 콘서트 표가 삼십 분 만에 전석 매진됐습니다,영원한 오빠로 불리는 나후나 씨의 콘서트가 30분만에 전성 매진됐습니다,영원한 오빠 로 불리는 나훈아 씨의 콘서트 가 삼십 분 만에 전성 매진됐습니다,0.1875,0.0625,True
datasets/Sample/01.원천데이터/SPK082/SPK082SBSCU087/SPK082SBSCU087M004.wav,오는 오 월에 열리는 이천 십 구 청춘 어게인 공연 티켓도 순식간에 매진을 기록했습니다,오는 5월에 열리는 2019 청순 어게인 공연 티켓도 순식간에 매진을 기록했습니다,오는 오 월에 열리는 이천 십 구 청춘 어게인 공연 티켓도 순식간에 매진을 기록했습니다,0.1714,0.0,True
datasets/Sample/01.원천데이터/SPK082/SPK082SBSCU087/SPK082SBSCU087M005.wav,만 석 규모의 올림픽공원 체조경기장에서 세 차례 열리는 공연인데 삼십 분도 채 안 돼 모두 팔린 건데요,만석규모의 올림픽공원 최조경기장에서 세 차례 열리는 공연인데 30분도 채 안 돼 모두 팔린 건데요,만석 규모의 올림픽 공원 체조경기장에서 세 차례 열리는 공연인데 삼십 분 도 채 안 돼 모두 팔린 건데요,0.0732,0.0,True
datasets/Sample/01.원천데이터/SPK082/SPK082SBSCU087/SPK082SBSCU087M007.wav,이런 데에는 부모님을 위한 자녀들의 효도 전쟁이 한몫 했는데요,이런 데에는 부모님을 위한 자녀들의 효도전쟁이 한목했는데요,이런 데에는 부모님을 위한 자녀들의 효도 전쟁이 한목했는데요,0.0385,0.0385,False
datasets/Sample/01.원천데이터/SPK082/SPK082SBSCU087/SPK082SBSCU087M009.wav,누리꾼들은 아침부터 매달렸지만 못 구했어요 효도하기 정말 어렵네요 내 마음속 영원한 오빠 아이돌보다 멋진 나훈아 빨리 보고 싶어요 하는 등의 반응을 보였습니다,누리꾼들은 아침부터 매달렸지만 못 구했어요 효도하기 정말 어렵네요 내 마음 속 영원한 오빠 아이돌보다 멋진 나후나 빨리 보고 싶어요 하는 등의 반응을 보였습니다,누리꾼들은 아침부터 매달렸지만 못 구했어요효도하기 정말 어렵네요 내 마음속 영원한 오빠 아이돌보다 멋진 나훈아 빨리 보고 싶어요 하는 등의 반응을 보였습니다,0.0299,0.0,True
datasets/Sample/01.원천데이터/SPK082/SPK082SBSCU092/SPK082SBSCU092M008.wav,감사패를 받은 두 작가는 수원 작업실에서 좋은 소재를 얻게 돼 개인적으로 수원에 감사하다 고 소감을 전했습니다,감사패를 받은 두 작가는 수원 작업실에서 좋은 소재를 얻게 돼 개인적으로 수원에 감사하다고 소감을 전했습니다,감사패를 받은 두 작가는 수원 작업실에서 좋은 소재를 얻게 돼 개인적으로 수원에 감사하다고 소감을 전했습니다,0.0,0.0,False
datasets/Sample/01.원천데이터/SPK082/SPK082SBSCU092/SPK082SBSCU092M006.wav,이에 수원시가 직접 나서 감사함을 전했습니다,이에 수원 씨가 직접 나서 감사함을 전했습니다,이해 수원시가 직접 나서 감사함을 전했습니다,0.0526,0.0526,False
datasets/Sample/01.원천데이터/SPK082/SPK082SBSCU092/SPK082SBSCU092M004.wav,흥행이 이어질수록 영화 속 통닭을 맛보려는 사람들이 수원으로 몰렸고 겨울 비수기에 매출이 아쉬웠던 먹자골목이 오랜만에 활기를 찾았습니다,흥행이 이어질수록 영화 속 통닭을 맛보려는 사람들이 수원으로 몰렸고 겨울 비수기에 매출이 아쉬웠던 먹자골목이 오랜만에 활기를 찾았습니다,흥행이 이어질수록 영화 속 통닭을 맛보려는 사람들이 수원으로 몰렸고 겨울 비수기에 매출이 아쉬웠던 먹자골목이 오랜만에 활기를 찾았습니다,0.0,0.0,False
datasets/Sample/01.원천데이터/SPK082/SPK082SBSCU092/SPK082SBSCU092M007.wav,수원의 통닭과 갈비를 전국에 알려 관광객을 끌어 모은 공로로 염태영 수원시장이 어제 극한직업 제작진에게 감사패를 전달한 건데요,수원의 통닭과 갈비를 전국에 알려 관광객을 끌어모은 공로로 염태영 수원시장이 어제 극한 직업 제작진에게 감사패를 전달한 건데요,수원의 통닭과 갈비를 전국에 알려 관광객을 끌어모은 공로로 염태영 수원시장이 어제 극한직업 제작진에게 감사패를 전달한 건데요,0.0,0.0,False
datasets/Sample/01.원천데이터/SPK082/SPK082SBSCU092/SPK082SBSCU092M005.wav,가게마다 관광객이 줄을 섰고 전체 매출이 삼십 퍼센트 가량 늘었다고 하는데요,가게마다 관광객이 줄을 섰고 전체 매출이 30가량 늘었다고 하는데요,가게마다 관광객이 줄을 섰고 전체 매출이 삼십 퍼센트 가량 늘었다고 하는데요,0.1562,0.0,True
datasets/Sample/01.원천데이터/SPK082/SPK082SBSCU092/SPK082SBSCU092M002.wav,극한직업은 마약반 형사들이 위장 창업한 치킨집이 뜻하지 않게 유명해지면서 벌어지는 일을 다룬 영화죠,극한 직업은 마약반 형사들이 위장 창업한 치킨집이 뜻하지 않게 유명해지면서 벌어지는 일을 다룬 영화죠,극한 직업은 마약반 형사들이 위장 창업한 치킨집이 뜻하지 않게 유명해지면서 벌어지는 일을 다룬 영화죠,0.0,0.0,False
datasets/Sample/01.원천데이터/SPK082/SPK082SBSCU092/SPK082SBSCU092M003.wav,수시로 등장하는 수원왕갈비통닭 이 많은 관객의 침샘을 자극했습니다,수시로 등장하는 수원 왕갈비 통덕이 많은 관객의 침샘을 자극했습니다,수시로 등장하는 수원 왕갈비 통닭이 많은 관객의 침샘을 자극했습니다,0.0345,0.0,True
datasets/Sample/01.원천데이터/SPK082/SPK082SBSCU092/SPK082SBSCU092M001.wav,지금까지 이런 영화는 없었다 한국영화 역대 매출 일 위라는 대기록을 세운 영화 극한직업이 수원 지역상권을 살린 공로를 인정받았습니다,지금까지 이런 영화는 없었다 한국 영화 매출 1위라는 대기록을 세운 영화 극한 직업이 수원 지역 상권을 살린 공로를 인정받았습니다,지금까지 이런 영화는 없었다 한국 영화 매출 일 위라는 대기록을 세운 영화 극한 직업이 수원 지역 상권을 살린 공로를 인정받았습니다,0.0536,0.0357,True
datasets/Sample/01.원천데이터/SPK082/SPK082SBSCU086/SPK082SBSCU086M003.wav,이 신비로운 사진은 제 삼십 육 회 기상 기후 사진 공모전에서 대상을 받은 김학수 씨의 작품인데요,이 신비로운 사진은 제36회 기상 기후 사진 공모전에서 대상을 받은 김학수 씨의 작품인데요,이 신비로운 사진은 제 삼십 육 회 기상 기후 사진 공모전에서 대상을 받은 김학수 씨의 작품인데요,0.0769,0.0,True
datasets/Sample/01.원천데이터/SPK082/SPK082SBSCU086/SPK082SBSCU086M006.wav,발달한 대류운의 강수 세포에서 소나기가 내리던 중 그 줄기가 구름 아래에서 부는 바람에 의해 옆으로 밀리는 순간을 포착한 겁니다,발달한 대류은의 강수세포에서 소나기가 내리던 중 그 줄기가 구름 아래에서 부는 바람에 의해 옆으로 밀리는 순간을 표착한 겁니다,발달한 대류운의 강수 세포에서 소나기가 내리던 중 그 줄기가 구름 아래에서 부는 바람에 의해 옆으로 밀리는 순간을 포착한 겁니다,0.0377,0.0,True
datasets/Sample/01.원천데이터/SPK082/SPK082SBSCU086/SPK082SBSCU086M004.wav,놀랍게도 자연 현상 그대로를 담은 사진이라고 합니다,놀랍게도 자연 현상 그대로를 담은 사진이라고 합니다,논랍게도 자연 현상 그대로를 담은 사진이라고 합니다,0.0,0.0455,False
datasets/Sample/01.원천데이터/SPK082/SPK082SBSCU086/SPK082SBSCU086M007.wav,누리꾼들은 멋진 풍경 사진에 웬 포토샵인가 했는데 자연의 작품이었군요 정말 장관이네요 두 눈으로 직접 보고 싶어요 하는 등의 반응을 보였습니다,누리꾼들은 멋진 풍경 사진의 웬 포토샵인가 했는데 자연의 작품이었군요 정말 장관이네요 두 눈으로 직접 보고 싶어요 하는 등의 반응을 보였습니다,누리꾼들은 멋진 풍경 사진에 웬 포토샵인가했는데 자연의 작품이었군요 정말 장관이네요 두 눈으로 직접 보고 싶어요 하는 등의 반응을 보였습니다,0.0167,0.0,True
datasets/Sample/01.원천데이터/SPK082/SPK082SBSCU086/SPK082SBSCU086M001.wav,넓게 펼쳐진 가야산 위로 회색 먹구름이 드리워진 아름다운 풍경 사진에 한가운데 조금 생뚱맞아 보이는 흰색 기둥이 눈길을 끕니다,넓게 펼쳐진 가야산 위로 회색 먹구름이 드리워진 아름다운 풍경 사진에 한가롭게 조금 쌩뚱 맞아 보이는 흰색 기둥이 눈길을 끕니다,넓게 펼쳐진 가야산 위로 회색 먹구름이 드리워진 아름다운 풍경 사진에 한가롭게 조금 쌩뚱 맞아 보이는 흰색 기둥이 눈길을 끕니다,0.0566,0.0566,False
datasets/Sample/01.원천데이터/SPK082/SPK082SBSCU086/SPK082SBSCU086M002.wav,누군가 두꺼운 붓으로 쓱 그은 것 같기도 하고 아니면 혹시 하늘에 구멍이라도 뚫린 걸까요,누군가 두꺼운 부스로 쓱 그은 것 같기도 하고 아니면 혹시 하늘의 구멍이라도 뚫린 걸까요,누군가 두꺼운 붓으로 쓱 그은 것 같기도 하고 아니면 혹시 하늘의 구멍이라도 뚫린 걸까요,0.0833,0.0278,True
datasets/Sample/01.원천데이터/SPK082/SPK082SBSCU086/SPK082SBSCU086M005.wav,먹구름 사이로 실제 소나기가 내리는 모습인데요,먹구름 사이로 실제 소나기가 내리는 모습인데요,먹구름 사이로 실제 소나기가 내리는 모습인데요,0.0,0.0,False
datasets/Sample/01.원천데이터/SPK082/SPK082SBSCU081/SPK082SBSCU081M001.wav,미국에도 봄이 다가오면서 얼었던 호수가 녹았는데 얼음이 무려 백 만 조각으로 부서져 장관을 만들었습니다,미국에도 봄이 다가오면서 얼었던 호수가 녹았는데 얼음이 무려 백만 조각으로 부서져 장관을 만들었습니다,미국에도 봄이 다가오면서 얼었던 호수가 녹았는데 얼음이 무려 백 만 조각으로 부서져 장관을 만들었습니다,0.0,0.0,False
datasets/Sample/01.원천데이터/SPK082/SPK082SBSCU081/SPK082SBSCU081M004.wav,빛깔도 영롱한 푸른색에 일정해 보이는 패턴까지 실력 좋은 조각가의 작품 같기도 합니다,빛깔도 영롱한 푸른색의 일정해 보이는 패턴까지 실력 좋은 조각가의 작품 같기도 합니다,빛갈도 영롱한 푸른색에 일정해 보이는 패턴까지 실력 좋은 조각가의 작품 같기도 합니다,0.0278,0.0278,False
datasets/Sample/01.원천데이터/SPK082/SPK082SBSCU081/SPK082SBSCU081M009.wav,누리꾼들은 봄을 맞아 꽃을 피운 것 같아요 너무 아름답습니다 역시 최고의 예술가는 자연이네요 하는 등의 반응을 보였습니다,누리꾼들은 봄을 맞아 꽃을 피운 것 같아요 너무 아름답습니다 역시 최고의 예술가는 자연이네요 하는 등의 반응을 보였습니다,누리꾼들은 봄을 맞아 꽃을 피운 것 같아요 너무 아름답습니다 역시 최고의 예술가는 자연이네요 하는 등의 반응을 보였습니다,0.0,0.0,False
datasets/Sample/01.원천데이터/SPK082/SPK082SBSCU081/SPK082SBSCU081M007.wav,딱딱한 얼음덩어리 호수도 봄기운은 피할 순 없었나 봅니다,딱딱한 얼음덩어리 호수도 봄 기우는 피할 수 없었나 봅니다,딱딱한 얼음덩어리 호수도 봄 기운은 피할 수 없었나 봅니다,0.125,0.0417,True
datasets/Sample/01.원천데이터/SPK082/SPK082SBSCU081/SPK082SBSCU081M002.wav,지난 십 구 일 미국 미시간 호수에서 놀라운 광경이 펼쳐졌습니다,지난 19일 미국 미시간 호수에서 놀라운 관경이 펼쳐졌습니다,지난 십 구 일 미국 미시간 호수에서 놀라운 관계가 펼쳐졌습니다,0.1154,0.1154,False
datasets/Sample/01.원천데이터/SPK082/SPK082SBSCU081/SPK082SBSCU081M006.wav,지난 겨울 미국 중북부를 강타한 기록적인 한파의 영향으로 미시간 호수 표면이 절반 이상 얼어붙었는데요,지난겨울 미국 중북부를 강타한 기록적인 한파의 영향으로 미시간 호소 표면이 절반 이상 얼어붙었는데요,지난 겨울 미국 중북부를 강타한 기록적인 한파의 영향으로 미시간 호수 표메이 절반 이상 얼어붙었는데요,0.0233,0.0233,False
datasets/Sample/01.원천데이터/SPK082/SPK082SBSCU081/SPK082SBSCU081M008.wav,날이 따뜻해지면서 호수가 빠르게 녹기 시작했고 아래쪽 물이 얼음판을 밀어 올려 이런 장관을 만들었다고 하네요,날이 따뜻해지면서 호수가 빠르게 녹기 시작했고 아래쪽 물이 얼음판을 밀어올려 이런 장관을 만들었다고 하네요,날이 따뜻해지면서 호수가 빠르게 녹기 시작했고 아래쪽 물이 얼음판을 밀어올려 이런 장관을 만들었다고 하네요,0.0,0.0,False
datasets/Sample/01.원천데이터/SPK082/SPK082SBSCU081/SPK082SBSCU081M003.wav,잘 재단된 유리 조각 같은 게 셀 수도 없이 쌓여 있는데요,잘 재단된 유리조각 같은 게 셀 수 없이 쌓여 있는데요,잘 재단된 유리 조각 같은 게 셀 수 없이 쌓여 있는데요,0.0455,0.0455,False
datasets/Sample/01.원천데이터/SPK082/SPK082SBSCU081/SPK082SBSCU081M005.wav,볼수록 신비로운 이 작품은 자연이 만든 겁니다,볼수록 신비로운 이 작품은 자연이 맞는 겁니다,볼수록 신비로운 이 작품은 자연이 만든 겁니다,0.1053,0.0,True
datasets/Sample/01.원천데이터/SPK082/SPK082SBSCU089/SPK082SBSCU089M002.wav,저희 에스 비 에스 는 삼십 년 전 군부가 조비오 신부 주변을 사찰하고 헬기 사격 명령을 받았다고 양심선언 한 장교까지 색출하려 했던 문건을 입수했습니다,저희 SBS는 30년 전부터 군부가 조비호 신부 주변을 사찰하고 헬기 사격 명령을 받았다고 양심 선언한 장교까지 색출하려 했던 문건을 입수했습니다,저희 에스 비 에스 는 삼십 년 전부터 군부가 조비오 신부 주변을 사찰하고 헬기 사격 명령을 받았다고 양심선언 한 장교까지 색출하려 했던 문건을 입수했습니다,0.1613,0.0323,True
datasets/Sample/01.원천데이터/SPK082/SPK082SBSCU089/SPK082SBSCU089M006.wav,무장헬기 사격이 사실이라는 말이 광주 교구 조비오 신부를 통해 유통되고 있다면서 광주민중항쟁 당시 무장헬기 조종사로 참가한 전직 장교 한 명이 팔십 육 년 광주 대교구 사제 피정 때 양심선언으로 이런 사실을 밝혔다고 돼 있습니다,무장혈기 사격이 사실이라는 말이 광주교구 조비호 신분을 통해 유통되고 있다면서 광주 민중항쟁 당시 무장혈기 조종사로 참가한 전직장교 1명이 86년 광주 대교구 사재의 피정 때 양심 선언으로 이런 사실을 밝혔다고 돼 있습니다,무장헬기 사격이 사실이라는 말이 광주교구 조비오 신부를 통해 유통되고 있다면서 광주 민중항쟁 당시 무장헬기 조종사로 참가한 전직 장교 한 명이 팔십 육 년 광주 대교구 사제 피정 때 양심 선언으로 이런 사실을 밝혔다고 돼 있습니다,0.117,0.0,True
datasets/Sample/01.원천데이터/SPK082/SPK082SBSCU089/SPK082SBSCU089M004.wav,제목은 광주사태 시 무장헬기 기총 소사 내용 증언 동정,제목은 광주 사태시 무장헬기 기총 소사 내용 증언 동정,제목은 광주 사태시 무장헬기 기총 소사 내용 증언 동정,0.0,0.0,False
datasets/Sample/01.원천데이터/SPK082/SPK082SBSCU089/SPK082SBSCU089M003.wav,천 구백 팔십 구 년 삼 월 육 일 당시 보안사가 작성한 문건입니다,1989년 3월 6일 당시 보안사가 작성한 문건입니다,천 구백 팔십 구 년 삼 월 육 일 당시 보안사가 작성한 문건입니다,0.32,0.0,True
datasets/Sample/01.원천데이터/SPK082/SPK082SBSCU089/SPK082SBSCU089M001.wav,그동안 치매다 독감이다 하면서 차일피일 출석을 미루던 전 씨의 오늘 재판 출석에 많은 관심이 모아지고 있습니다,그동안 치매다 독감이다 하면서 차일필 출석을 미루던 전시에 오늘 재판 출석에 많은 관심이 모여지고 있습니다,그동안 침에다 독감이다 하면서 차일피 일 출석을 미루던 전 씨의 오늘 재판 출석에 많은 관심이 모여지고 있습니다,0.1087,0.0652,True
datasets/Sample/01.원천데이터/SPK082/SPK082SBSCU089/SPK082SBSCU089M005.wav,지난해 군사안보지원사로 개편된 과거 기무사가 보관하던 것으로 문건은 조비오 신부를 겨냥하고 있습니다,지난해 군사 안보 지원사로 개편된 과거 기무사가 보관하던 것으로 문건은 조비호 신부를 겨냥하고 있습니다,지난해 군사 안보 지원사로 개편된 과거 기무사가 보관하던 것으로 문건은 조비오 신부를 겨냥하고 있습니다,0.0227,0.0,True
datasets/Sample/01.원천데이터/SPK082/SPK082SBSCU089/SPK082SBSCU089M009.wav,증언자는 육군항공대 일 여단 소속 정조종사로 상부로부터 시위 진압을 위한 사격 명령을 하달 받았고 인명 살상을 우려해 최소한 자기가 소속된 편대기에서는 사격을 가하지 않았다고 증언한 것을 적어 뒀습니다,증언자는 육군 항공대 일려탄 소속 정조종사로 상부로부터 시위 진압을 위한 사격 명령을 하달받았고 인령살상을 우려해 최소한 자기가 소속된 편대기에서는 사격을 가지 않았다고 증언한 것을 적어뒀습니다,증언자는 육군 항공대 일 여단 소속 정조종사로 상부로부터 시위 진압을 위한 사격 명령을 하달 받았고 인명 살상을 우려해 최소한 자기가 소속된 편대기에서는 사격을 가하지 않았다고 증언한 것을 적어뒀습니다,0.0471,0.0,True
datasets/Sample/01.원천데이터/SPK082/SPK082SBSCU089/SPK082SBSCU089M008.wav,당시 군부는 증언자 색출도 시도한 것으로 보입니다,당시 군부는 증언자 색출도 시도한 것으로 보입니다,당시 군부는 증언자 색출도 시도한 것으로 보입니다,0.0,0.0,False
datasets/Sample/01.원천데이터/SPK082/SPK082SBSCU089/SPK082SBSCU089M007.wav,문건 작성 직전인 천 구백 팔십 구 년 이 월 조 신부는 국회 청문회에서 오 일 팔 당시 계엄군의 헬기 사격 목격담을 증언했는데 이 직후 조 신부 주변을 사찰한 것으로 분석됩니다,문건 작성 직전인 1989년 2월 조신부는 국회 청문회에서 5월 8일 당시 개험군의 헬기 사격 목격담을 증언했는데 이 직후 조신부 주변을 사찰한 것으로 분석됩니다,문건 작성 직전인 천 구백 팔십 구 년 이 월 조 신부는 국회 청문회에서 오 일 팔 당시 계엄군의 헬기 사격 목격담을 증언했는데 이 직후 조 신부 주변을 사찰한 것으로 분석됩니다,0.1884,0.0,True
datasets/Sample/01.원천데이터/SPK082/SPK082SBSCU089/SPK082SBSCU089M010.wav,이를 보면 당시 군부는 헬기 사격 여부를 상당 부분 파악한 것으로 짐작되는데 각종 은폐와 방해 탓에 헬기 사격은 지난해 국방부 특별조사위 활동을 통해 사실로 규명됐습니다,이를 보면 당시 군부는 헬기 사격 여부를 상당 부분 파악한 것으로 짐작되는데 각종 은폐와 방해 탓에 헬기 사격은 지난해 국방부 특별 조사위 활동을 통해 사실로 규명됐습니다,이를 보면 당시 군부는 헬기 사격 여부를 상당 부분 파악한 것으로 짐작되는데 각종 은폐와 방해 탓에 헬기 사격은 지난해 국방부 특별조사위 활동을 통해 사실로 규명됐습니다,0.0,0.0,False
datasets/Sample/01.원천데이터/SPK082/SPK082SBSCU082/SPK082SBSCU082M009.wav,팔코너 씨는 이 정도 크기의 황적퉁돔은 희귀하기때문에 과학자들이 연구할 수 있도록 연구기관에 기증했다고 합니다,팔코너 씨는 이정도 크게 황적퉁돔은 희귀하기 때문에 과학자들이 연구할 수 있도록 연구기관에 기증했다고 합니다,팔코너 씨는 이 정도 크기의 황적퉁돔은 희귀하기 때문에 과학자들이 연구할 수 있도록 연구기관에 기증했다고 합니다,0.0417,0.0,True
datasets/Sample/01.원천데이터/SPK082/SPK082SBSCU082/SPK082SBSCU082M005.wav,팔코너 씨는 삼십 년째 이 해역에서 낚시를 했지만 이렇게 큰 황적퉁돔은 처음이라면서 일생에 한 번 있을까 말까 한 횡재라고 기뻐했습니다,8코너 씨는 30년째 이해역에서 낚시를 했지만 이렇게 큰 황적퉁돔은 처음이라면서 일생에 한번 있을까 말까한 횡재라고 기뻐했습니다,팔코너 씨는 삼십 년째 이 해역에서 낙시를 했지만 이렇게 큰 황적퉁돔은 처음이라면서 일생에 한 번 있을까 말까 한 횡제라고 기뻐했습니다,0.0536,0.0357,True
datasets/Sample/01.원천데이터/SPK082/SPK082SBSCU082/SPK082SBSCU082M003.wav,지난달 이십 삼 일 에드 팔코너 씨가 퀸즐랜드 남동부 레인보우 해변에서 잡은 황적퉁돔입니다,지난달 23일 에드 8코너시가 퀸즐랜드주 남동부 레인보우 회밴에서 잡은 황적 통도입니다,지난달 이십 삼 일 에드 팔코너 씨가 퀸즐랜드주 남동부 레인보우 해변에서 잡은 황적퉁돔입니다,0.2632,0.0263,True
datasets/Sample/01.원천데이터/SPK082/SPK082SBSCU082/SPK082SBSCU082M006.wav,그는 돔을 잡을 당시에 이십 분 동안이나 힘겨루기를 했다는데요,그는 도물 잡을 당시에 20분 동안이나 힘결우기를 했다는데요,그는 돔을 잡을 당시에 이십 분 동안이나 힘결우기를 했다는데요,0.2308,0.0769,True
datasets/Sample/01.원천데이터/SPK082/SPK082SBSCU082/SPK082SBSCU082M008.wav,황적퉁돔은 맛이 좋아서 비싼 값에 거래되는 고급 생선인데요,황적통도면 맛이 좋아서 비싼 값에 거래되는 고급 생선인데요,황적퉁돔은 맛이 좋아서 비싼 값에 거래되는 고급 생선인데요,0.12,0.0,True
datasets/Sample/01.원천데이터/SPK082/SPK082SBSCU082/SPK082SBSCU082M004.wav,영어권에서는 붉은 황제라고 불리는 이 황적퉁돔은 참돔과 비슷하게 생겼습니다,영어권에서 붉은 황제라고 불리는 이 황적 퉁돔은 참돔과 비슷하게 생겼습니다,영어권에서 붉은 황제라고 불리는 이 황적퉁돔은 참돔과 비슷하게 생겼습니다,0.0303,0.0303,False
datasets/Sample/01.원천데이터/SPK082/SPK082SBSCU082/SPK082SBSCU082M002.wav,길이는 백 사 센티미터 무게는 이십 이 킬로그램 이라고 하는데요,길이는 104cm 무게는 22kg이라고 하는데요,기리는 백 사 센티미터 무게는 이십 이 킬로그램이라고 하는데요,0.5,0.0769,True
datasets/Sample/01.원천데이터/SPK082/SPK082SBSCU082/SPK082SBSCU082M007.wav,거대 돔은 힘이 너무 세서 수면 위로 끌어올리는 데도 애를 먹었다고 합니다,거대도면 힘이 너무 세서 수면이로 끌어올리는데도 애를 먹었다고 합니다,거대 돔은 힘이 너무 세서 수면 위로 끌어올리는데도 애를 먹었다고 합니다,0.1,0.0,True
datasets/Sample/01.원천데이터/SPK082/SPK082SBSCU082/SPK082SBSCU082M001.wav,호주 퀸즐랜드주 해안에서 지금 보시는 거대한 돔이 잡혔습니다,보즈 퀸젤랜드 주 해안에서 지금 보시는 거대한 도미 잡혔습니다,호주 퀸즐랜드 주 해안에서 지금 보시는 거대한 도미 잡혔습니다,0.1923,0.0769,True
datasets/Sample/01.원천데이터/SPK082/SPK082SBSCU090/SPK082SBSCU090M003.wav,뒤이어 줄을 선 신자에게도 예외 없이 똑같은 동작을 반복하는데요,뒤여 줄을 선 신자에게도 예외 없이 똑같은 동작을 반복하는데요,뒤이어 줄을 선 신자에게도 예외 없이 똑같은 동작을 반복하는데요,0.0741,0.0,True
datasets/Sample/01.원천데이터/SPK082/SPK082SBSCU090/SPK082SBSCU090M005.wav,하지만 일부에서는 교황이 자신을 성스러운 존재로 대우하지 않기를 바라는 마음에서 한 행동이라며 두둔했는데요,하지만 일부에서는 교황이 자신을 성스러운 존재로 대화하지 않기를 바라는 마음에서 한 행동이라며 두둔했는데요,하지만 일부에서는 교황이 자신을 성스러운 존재로 대화하지 않기를 바라는 마음에서 한 행동이라며 두둔했는데요,0.0213,0.0213,False
datasets/Sample/01.원천데이터/SPK082/SPK082SBSCU090/SPK082SBSCU090M002.wav,이탈리아 로레토 성지를 방문한 교황은 언제나처럼 온화한 미소를 짓고 있지만 신자들이 다가와 악수한 후 반지에 입맞춤을 시도하자 재빨리 손을 뒤로 빼는 모습입니다,이탈리아 로레토 성질을 방문한 교황은 언제나처럼 온화한 미소를 짓고 있지만 신자들이 다가와 악수한 후 반지의 입마춤을 시도하자 재빨리 손을 뒤로 빼는 모습입니다,이탈리아 로레토 성지를 방문한 교황은 언제나처럼 온화한 미소를 짓고 있지만 신자들이 다가와 악수한 후 반지에 입맞춤을 시도하자 재빨리 손을 뒤로 빼는 모습입니다,0.0588,0.0,True
datasets/Sample/01.원천데이터/SPK082/SPK082SBSCU090/SPK082SBSCU090M001.wav,온화한 성품으로 많은 이들의 마음을 따뜻하게 해주던 이 프란체스코 교황이 반지에 입맞춤하려는 신자들을 뿌리치는 모습을 보여 눈길을 끌고 있습니다,온우한 성품으로 많은 이들의 마음을 따뜻하게 해주던 이 프란체수코 교황이 반지에 입맞춤하려는 신자들 뿌리치는 모습을 보여 눈길을 끌고 있습니다,오늘한 성품으로 많은 이들의 마음을 따뜻하게 해주던 이 프란체스코 교황이 반지에 입맞춤하려는 신자들을 뿌리치는 모습을 보여 눈길을 끌고 있습니다,0.0484,0.0323,True
datasets/Sample/01.원천데이터/SPK082/SPK082SBSCU090/SPK082SBSCU090M004.wav,이 모습이 입길에 오르자 보수 가톨릭계에서는 교황의 행동이 전통을 무시한 것이라는 비난이 나왔습니다,이 모습이 입길에 오르자 보수 가톨릿계에서는 교황의 행동이 전통을 무시한 것이라는 비난이 나왔습니다,이 모습이 입길에 오르자 보수 가톨릭계에서는 교황의 행동이 전통을 무시한 것이라는 비난이 나왔습니다,0.0233,0.0,True
datasets/Sample/01.원천데이터/SPK082/SPK082SBSCU090/SPK082SBSCU090M006.wav,이런 논란을 의식했는지 이틀 뒤 교황은 한 수녀를 만난 자리에서 반지 입맞춤을 허락하는 모습을 보이기도 했습니다,이런 논란을 의식했는지 이틀 뒤 교황은 한 수녀를 만난 자리에서 반지 입맞춤을 허락하는 모습을 보이기도 했습니다,이런 논란을 의식했는지 이틀 뒤 교황은 한 수녀를 만난 자리에서 반지 입맞춤을 허락하는 모습을 보이기도 했습니다,0.0,0.0,False
datasets/Sample/01.원천데이터/SPK035/SPK035KBSIN008/SPK035KBSIN008F006.wav,승객 사 천여 명을 태우고 바하마에서 뉴욕으로 가던 중이었는데요,승객 4천여 명을 태우고 바하마에서 뉴욕으로 가던 중이었는데요,승객 사 천여 명을 태우고 바하마에서 뉴욕으로 가던 중이었는데요,0.037,0.0,True
datasets/Sample/01.원천데이터/SPK035/SPK035KBSIN008/SPK035KBSIN008F007.wav,이른바 폭탄 사이클론이라 불리는 겨울 폭풍을 만난 겁니다,이른바 폭탄 사이클론이라 불리는 겨울 폭풍을 만난 겁니다,이른바 폭탄 사이클론이라 불리는 겨울 폭풍을 만난 겁니다,0.0,0.0,False
datasets/Sample/01.원천데이터/SPK035/SPK035KBSIN008/SPK035KBSIN008F001.wav,승객 사 천여 명이 탄 유람선이 대서양을 항해하던 중 초강력 겨울 폭풍을 만나 큰 피해를 입었는데요,승객 4천여 명이 탄 유람선이 대서양을 항해하던 중 초강력 겨울 폭풍을 만나 큰 피해를 입었는데요,승객 사 천 여 명이 탄 유람선이 대서양을 항해하던 중 초강력 겨울 폭풍을 만나 큰 피해를 입었는데요,0.025,0.0,True
datasets/Sample/01.원천데이터/SPK035/SPK035KBSIN008/SPK035KBSIN008F004.wav,십 육 만 톤 급 유람선이 좌우로 휘청거리고 벽에 있던 물건들이 우르르 떨어집니다,16만 통급 유람선이 좌우로 휘청거리고 벽에 있던 물건들이 우르르 떨어집니다,십 육 만 통 급 유람선이 좌우로 휘청거리고 벽에 있던 물건들이 우르르 떨어집니다,0.0909,0.0303,True
datasets/Sample/01.원천데이터/SPK035/SPK035KBSIN008/SPK035KBSIN008F009.wav,유람선 운항 업체 측은 기상 상황이 예보보다 나빴다고 해명했지만 폭풍이 예고된 상황에서 무리한 항해를 한 것 아니냐는 비난이 일고 있습니다,유람선 운항 업체 측은 기상 상황이 예보보다 나빴다고 해명했지만 폭풍이 예고된 상황에서 무리한 항해를 한 것 아니냐는 비난이 일고 있습니다,유람선 운항 업체 측은 기상 상황이 예보보다 나빴다고 해명했지만 폭풍이 예고된 상황에서 무리한 항해를 한 것 아니냐는 비난이 일고 있습니다,0.0,0.0,False
datasets/Sample/01.원천데이터/SPK035/SPK035KBSIN008/SPK035KBSIN008F008.wav,십 미터 높이의 너울과 강풍을 뚫고 지나가며 누수와 정전 파손 등의 피해를 보았고 승객들은 꼬박 이틀 동안 악몽 같은 시간을 겪었다고 합니다,10m 높이에 너울과 강풍을 뚫고 지나가며 누수와 정전 파손 등의 피해를 보았고 승객들은 꼬박 이틀 동안 악몽 같은 시간을 겪었다고 합니다,십 미터 높이의 너울과 강풍을 뚫고 지나가며 누수와 정전 파손 등의 피해를 보았고 승객들은 꼬박 이틀 동안 악몽 같은 시간을 겪었다고 합니다,0.0702,0.0,True
datasets/Sample/01.원천데이터/SPK035/SPK035KBSIN008/SPK035KBSIN008F002.wav,악천후 예보에도 불구하고 운항을 강행한 것으로 드러나 비난이 일고 있습니다,악천후 예보에도 불구하고 운항을 강행한 것으로 드러나 비난이 일고 있습니다,악천후 예보에도 불구하고 운항을 강행한 것으로 드러나 비난이 일고 있습니다,0.0,0.0,False
datasets/Sample/01.원천데이터/SPK035/SPK035KBSIN008/SPK035KBSIN008F003.wav,천장과 문틈으로 비바람이 쉴 새 없이 들이닥치고 유람선 내부는 금세 물바다를 이뤘습니다,천장과 문틈으로 비바람이 쉴 새 없이 들이닥치고 유람선 내부는 금세 물 바다를 이뤘습니다,천장과 문틈으로 비바람이 쉴 새 없이 들이닥치고 유람선 내부는 금세 물바다를 이뤘습니다,0.0,0.0,False
datasets/Sample/01.원천데이터/SPK035/SPK035KBSIN008/SPK035KBSIN008F005.wav,공포에 빠진 승객들이 선실을 탈출해 삼삼오오 모여 있습니다,공포에 빠진 승객들이 선실을 탈출해 3 3호 모여 있습니다,공포에 빠진 승객들이 선실을 탈출해 삼삼오오 모여 있습니다,0.16,0.0,True
datasets/Sample/01.원천데이터/SPK035/SPK035KBSIN001/SPK035KBSIN001F007.wav,태국에서는 이천 십 칠 년 하루 평균 육십 여 명이 도로에서 목숨을 잃었는데 그중 삼십 퍼센트 가 음주 운전이 원인입니다,태국에서는 2017년 하루 평균 60여 명이 도로에서 목숨을 잃었는데 그중 30가 음주 운전이 원인입니다,태국에서는 이천 십 칠 년 하루 평균 육십 여 명이 도로에서 목숨을 잃었는데 그중 삼십 퍼센트 가 음주 운전이 원인입니다,0.2292,0.0,True
datasets/Sample/01.원천데이터/SPK035/SPK035KBSIN001/SPK035KBSIN001F006.wav,캠페인이 실시되기 전에는 새해를 전후해 술을 선물 받은 사람이 삼십 점 오 퍼센트 나 됐지만 이제는 구 퍼센트 에 그치고 있습니다,캠페인이 실시되기 전에는 새해를 전후에 술을 선물 받는 사람이 305나 됐지만 이제는 9에 그치고 있습니다,캠페인이 실시되기 전에는 새해를 전후해 술을 선물 받는 사람이 삼십 점 오 퍼센트 나 됐지만 이제는 구 퍼센트 에 그치고 있습니다,0.25,0.0192,True
datasets/Sample/01.원천데이터/SPK035/SPK035KBSIN001/SPK035KBSIN001F004.wav,사람들이 많이 지나다니는 곳에서 지나친 알코올 소비에 따른 부작용을 연극으로 재연하고 공개 세미나를 진행하고 홍보 전단지를 나눠주는 등 방법도 다양합니다,사람들이 많이 지나다니는 곳에서 지나친 알코올 소비에 따른 부작용을 연극으로 재현하고 공개 세미나를 진행하고 홍보 전단지를 나눠주는 등 방법도 다양합니다,사람들이 많이 지나다니는 곳에서 지나친 알코올 소비에 따른 부작용을 연극으로 재현하고 공개 세미나를 진행하고 홍보 전단지를 나눠주는 등 방법도 다양합니다,0.0152,0.0152,False
datasets/Sample/01.원천데이터/SPK035/SPK035KBSIN001/SPK035KBSIN001F008.wav,또 연말연시에는 술 때문에 사망자 수가 더욱 급증하는 것으로 나타났습니다,또 연말 연시에는 술 때문에 사망자 수가 더욱 급증하는 것으로 나타났습니다,또 연말연시에는 술 때문에 사망자 수가 더욱 급증하는 것으로 나타났습니다,0.0,0.0,False
datasets/Sample/01.원천데이터/SPK035/SPK035KBSIN001/SPK035KBSIN001F003.wav,이에 보건 당국과 금주 운동가들이 이천 팔 년부터 금주 캠페인을 벌이고 있습니다,이에 보건당국과 금주 운동가들이 2008년부터 금주 캠페인을 벌이고 있습니다,이에 보건당국과 금주 운동가들이 이천 팔 년부터 금주 캠페인을 벌이고 있습니다,0.1212,0.0,True
datasets/Sample/01.원천데이터/SPK035/SPK035KBSIN001/SPK035KBSIN001F002.wav,가볍게 한두 잔 주고받는 것도 나쁘지 않지만 이로 인해 새해부터 치명적인 도로 사고나 가정 폭력 등과 같은 사회 문제도 끊이지 않고 있습니다,가볍게 한두 잔 주고받는 것도 나쁘지 않지만 이로 인해 세일부터 치명적인 도로사고나 가정 폭력 등과 같은 사회 문제도 끊이지 않고 있습니다,가벼프게 한두 잔 주고받는 것도 나쁘지 않지만 이로 인해 새해부터 치명적인 도로 사고나 가정 폭력 등과 같은 사회 문제도 끊이지 않고 있습니다,0.0351,0.0351,False
datasets/Sample/01.원천데이터/SPK035/SPK035KBSIN001/SPK035KBSIN001F001.wav,태국의 인기 있는 새해 선물 중 하나는 술입니다,태국의 인기 있는 새 선물 중 하나는 술입니다,태국의 인기 있는 새해 선물 중 하나는 술입니다,0.0526,0.0,True
datasets/Sample/01.원천데이터/SPK035/SPK035KBSIN001/SPK035KBSIN001F005.wav,이런 노력의 결과가 나타나고 있습니다,이런 노력의 결과가 나타나고 있습니다,이런 노력의 결과가 나타나고 있습니다,0.0,0.0,False
datasets/Sample/01.원천데이터/SPK035/SPK035KBSEC004/SPK035KBSEC004F008.wav,단 삼 억 원 이하 주택에 취득 후 일 년 이상 거주하고 근무상 형편 등 이 주택 보유 사유가 없어진 다음 삼 년 이내에 팔아야 합니다,단 3억 원 이하 주택의 취득 후 1년 이상 거주하고 근무상 형편 등 2주택 보유 사유가 없어진 다음 3년 이내 팔아야 합니다,단 삼 억 원 이하 주택에 취득 후 일 년 이상 거주하고 근무상 형편 등 이 주택 보유 사유가 없어진 다음 삼 년 이내에 팔아야 합니다,0.12,0.0,True
datasets/Sample/01.원천데이터/SPK035/SPK035KBSEC004/SPK035KBSEC004F002.wav,사 월부터 시행될 예정인데 예외조항도 정해졌습니다,4월부터 시행될 예정인데 예외 조항도 정해졌습니다,사 월부터 시행될 예정인데 예외 조항도 정해졌습니다,0.0455,0.0,True
datasets/Sample/01.원천데이터/SPK035/SPK035KBSEC004/SPK035KBSEC004F010.wav,삼 주택 보유자는 상속받은 주택을 오 년 안에 팔 때 임대주택으로 등록해 팔 년 이상 임대한 다음 팔 경우 등에 한해 양도세 중과가 적용되지 않습니다,3주택 보유자는 상속받을 주택을 5년 안에 팔때 임대주택으로 등록해 8년 이상 임대한 다음 팔경우 등의 한해 양도세 중가가 적용되지 않습니다,삼 주택 보유자는 상속받을 주택을 오 년 안에 팔 때 임대 주택으로 등록해 팔 년 이상 임대한 다음 팔 경우 등에 한 해 양도세 중과가 적용되지 않습니다,0.1017,0.0169,True
datasets/Sample/01.원천데이터/SPK035/SPK035KBSEC004/SPK035KBSEC004F001.wav,서울 등 전국 사십 곳의 조정대상지역에서 다주택자가 집을 팔 경우 양도 차익에 대해 더 많은 세금을 내야합니다,서울 등 전국 40곳의 조정대상 지역에서 다조택자가 집을 파일 경우 양도 차이게 대해 더 많은 세금을 내야 합니다,서울 등 전,0.1556,0.9111,False
datasets/Sample/01.원천데이터/SPK035/SPK035KBSEC004/SPK035KBSEC004F011.wav,한편 다주택자의 돈줄을 죄는 신 디 티 아이 는 오는 삼십 일 일부터 적용될 것으로 보입니다,한편 다주택자의 돈줄을 쟤는 신 DTI는 5는 30일부터 적용될 것으로 보입니다,한편 다주택자의 돈줄을 죄는 신 디 티 아이는 오는 삼십 일 일부터 적용될 것으로 보입니다,0.25,0.0,True
datasets/Sample/01.원천데이터/SPK035/SPK035KBSEC004/SPK035KBSEC004F005.wav,개정안이 시행되면 오는 사 월부터 서울 전역과 경기 과천 부산 해운대 등 전국 사십 곳의 조정대상지역에서 집을 파는 다주택자는 양도소득세를 더 내야 합니다,개정안이 시행되면 오는 4월부터 서울전역과 경기과천 부산해운대 등 전국 40곳의 조정대상 지역에서 집을 파는 다주택자는 양도소득세를 더 내야 합니다,계정안이 시행되면 오는 사 월부터 서울 전역과 경기 과천 부산 해운대 등 전국 사십 곳의 조정대상지역에서 집을 파는 다주택자는 양도소득세를 더 내야 합니다,0.0469,0.0156,True
datasets/Sample/01.원천데이터/SPK035/SPK035KBSEC004/SPK035KBSEC004F003.wav,양도 차익의 최고 육십 이 퍼센트 를 세금으로 내야 하는 다주택자 양도소득 중과가 입법예고됐습니다,양도차에게 최고 62를 세금으로 내야 하는 다죽택자 양도소득 중과가 입법 예고됐습니다,양도차에게 최고 육십 이 퍼센트 를 세금으로 내야 하는 다주택자 양도소득 중과가 입법 예고됐습니다,0.2195,0.0488,True
datasets/Sample/01.원천데이터/SPK035/SPK035KBSEC004/SPK035KBSEC004F009.wav,결혼으로 집을 합친지 오 년 이내 부모를 모시기 위해 집을 합친지 십 년 안에 파는 주택도 예외에 해당하고 일시적 이 주택자가 기존 집을 파는 경우도 마찬가집니다,결혼으로 집을 합친 지 5년 이내 부모를 모시기 위해 집을 합친 지 10년 안에 파는 주택도 예외에 해당하고 일시적 2주택자가 기존 집을 파는 경우도 마찬가지입니다,결혼으로 집을 합친지 오 년 이내 부모를 모시기 위해 집을 합친지 십 년 안에 파는 주택도 예외에 해당하고 일시적 이 주택자가 기존 집을 파는 경우도 마찬가지입니다,0.0923,0.0308,True
datasets/Sample/01.원천데이터/SPK035/SPK035KBSEC004/SPK035KBSEC004F007.wav,다만 이 주택 보유자가 취학 근무상 형편 질병 요양 등으로 수도권 이외 조정대상지역에서 산 집을 팔 경우 양도세 중과에서 제외됩니다,다만 이주택 보유자가 취학 근무상 형편 질병 요양 등으로 수도권 이외 조정 대상 지역에서 산집을 팔 경우 양도세 중과에서 제외됩니다,다만 이 주택 보유자가 취학 근무상 형편 질병 요양 등으로 수도권 이외 조정대상지역에서 산 집을 팔 경우 양도세 중과에서 제외됩니다,0.0,0.0,False
datasets/Sample/01.원천데이터/SPK035/SPK035KBSEC004/SPK035KBSEC004F006.wav,보유 기간 등에 따라 육 에서 사십 이 퍼센트 인 기본 양도소득세율에 이 주택자는 십 퍼센트 포인트 삼 주택 이상 보유자는 이십 퍼센트 포인트의 세율이 추가됩니다,보유기관증에 따라 6에서 42인 기본 양도 소득 세율은 2주택자는 10포인트 3주택 이상 보유자는 20포인트의 세율이 추가됩니다,보유 기간 등에 따라 육에서 사십 이 퍼센트 인 기본 양도소득세율은 이 주택자는 십 퍼센트 포인트 삼 주택 이상 보유자는 이십 퍼센트 포인트의 세율이 추가됩니다,0.3231,0.0154,True
datasets/Sample/01.원천데이터/SPK035/SPK035KBSEC004/SPK035KBSEC004F004.wav,기획재정부는 관련 세법 시행령 개정안이 차관회의와 국무회의를 거쳐 이르면 다음 달부터 시행된다고 밝혔습니다,기획재정부는 관련 세법 시행경 개정안이 차관회의와 국무회의를 거쳐 이르면 다음 달부터 시행된다고 밝혔습니다,기획재정부는 관련 세법 시행령 개정안이 차관 회의와 국무웨이를 거쳐 이르면 다음 달부터 시행된다고 밝혔습니다,0.0213,0.0426,False
datasets/Sample/01.원천데이터/SPK035/SPK035KBSCU008/SPK035KBSCU008F006.wav,이영하 씨의 데뷔곡이 된 이번 노래 사랑 중 이별이는 잔잔한 발라드풍 가요로 중장년층이 공감할만 한 삶의 굴곡을 노랫말에 담고 있습니다,이영아 씨의 데뷔곡이 된 이번 노래 사랑중 이별이는 잔잔한 발라드풍 가요로 중작년증이 공감할 만한 삶의 굴곡을 노래앤말에 담고 있습니다,이영하 씨의 데뷔곡이 된 이번 노래 사랑 중 이별이 잔잔한 발라드풍 가요로 중 작년층이 공감할 만한 삶의 굴곡을 노래말에 담고 있습니다,0.0893,0.0536,True
datasets/Sample/01.원천데이터/SPK035/SPK035KBSCU008/SPK035KBSCU008F001.wav,중견 배우 이영하 씨가 가수로서 출사표를 던졌습니다,중견배우 이영할 씨가 가수로서 출사표를 던졌습니다,중견 배우 이영하 씨가 가수로서 출사표를 던졌습니다,0.0455,0.0,True
datasets/Sample/01.원천데이터/SPK035/SPK035KBSCU008/SPK035KBSCU008F002.wav,육십 대 후반의 나이지만 제 이 의 인생에 도전하며 나이는 숫자에 불과하다는 걸 보여주고 있습니다,60대 후반의 나이지만 제 2의 인생에 도전하며 나이는 숫자의 불과하다는 걸 보여주고 있습니다,육십 대 후반의 나이지만 제 이 의 인생에 도전하며 나이는 숫자에 불과하다는 걸 보여주고 있습니다,0.1,0.0,True
datasets/Sample/01.원천데이터/SPK035/SPK035KBSCU008/SPK035KBSCU008F004.wav,천 구백 칠십 칠 년 영화 배우로 데뷔한 이영하 씨는 데뷔 전 미 팔 군 부대에서 그룹사운드 멤버로 활동했을 만큼 음악에 남다른 애착을 보였다고 하는데요,1977년 영화배우로 데뷔한 이영아 씨는 데뷔 전 미팔 군부대에서 그룹 사운드 멤버로 활동했을 만큼 음악에 남다른 애착을 보였다고 하는데요,천구백 칠십 칠 년 영화 배우로 데뷔한 이영하 씨는 데뷔 전 미 팔 군 부대에서 그룹사운드 멤버로 활동했을 만큼 음악에 남다른 애착을 보였다고 하는데요,0.1148,0.0,True
datasets/Sample/01.원천데이터/SPK035/SPK035KBSCU008/SPK035KBSCU008F003.wav,이영하 씨는 소속사를 통해 최근 사랑 중 이별이라는 제목의 음반을 발표하고 본격적인 가수 활동을 시작한다고 알렸습니다,이영화 씨는 소속사를 통해 최근 사랑 중 이별이라는 제목의 음반을 발표하고 본격적인 가수 활동을 시작한다고 알렸습니다,이영하 씨는 소속사를 통해 최근 사랑 중 이별이라는 제목의 음반을 발표하고 본격적인 가수 활동을 시작한다고 알렸습니다,0.02,0.0,True
datasets/Sample/01.원천데이터/SPK035/SPK035KBSCU008/SPK035KBSCU008F005.wav,이후 백 여 편의 영화와 드라마에 출연하며 배우로 전성기를 누릴 때도 가수의 꿈을 놓지 않았다고 합니다,이후 백여편의 영화와 드라마에 출연하며 배우로 전성기를 누릴 때도 가수의 꿈을 놓지 않았다고 합니다,이후 백 여 편의 영화와 드라마에 출연하며 배우로 전성기를 누릴 때도 가수의 꿈을 놓지 않았다고 합니다,0.0,0.0,False
datasets/Sample/01.원천데이터/SPK035/SPK035KBSCU008/SPK035KBSCU008F007.wav,이영하 씨는 음반과 함께 직접 출연한 뮤직비디오도 공개하는 등 가수로서의 변신에 열의를 보이고 있습니다,이영아 씨는 음반과 함께 직접 출연한 뮤직비디오도 공개하는 등 가수로서의 변신에 열의를 보이고 있습니다,이영하 씨는 음반과 함께 직접 출연한 뮤직비디오도 공개하는 등 가수로서의 변신에 열의를 보이고 있습니다,0.0227,0.0,True
datasets/Sample/01.원천데이터/SPK035/SPK035KBSIN005/SPK035KBSIN005F006.wav,정유제품의 경우 이미 한도에 근접했다며 올해 정유제품 수출을 잠정중단한다고 밝혔습니다,정유제품의 경우 이미 한도에 근접했다며 올해 정유제품 수출을 잠정 중단한다고 밝혔습니다,정유제품의 경우 이미 한도에 근접했다며 올해 정유제품 수출을 잠정 중단한다고 밝혔습니다,0.0,0.0,False
datasets/Sample/01.원천데이터/SPK035/SPK035KBSIN005/SPK035KBSIN005F010.wav,하지만 이 시점에 발표한 것을 놓고 미국 재무부가 북중간 유류 밀교역 의심 사진을 공개하는 등 중국을 압박하자 중국이 안보리 결의의 철저한 이행을 과시하려는 것으로도 해석된다고 외교소식통은 전했습니다,하지만 이 시점에 발표한 것을 놓고 미국 재무부가 북중간 유류 밀교육 의심 사진을 공개하는 등 중국을 압박하자 중국이 안보리 결의에 철저한 이행을 과시하려는 것으로 해석된다고 외교 소식통은 전했습니다,하지만 이 시점에 발표한 것을 놓고 미국 재무부가 북중간 유류 밀교역 의심 사진을 공개하는 등 중국을 압박하자 중국이 안보리 결의의 철저한 이행을 과시하려는 것으로 해석된다고 외교 소식통은 전했습니다,0.0353,0.0118,True
datasets/Sample/01.원천데이터/SPK035/SPK035KBSIN005/SPK035KBSIN005F001.wav,중국 당국이 오늘부터 대북한 철강 수출을 전면금지하고 원유와 정유 제품 수출을 제한한다고 발표했습니다,중국당국이 오늘부터 대북한 철강 수출을 전면 금지하고 원위와 정유제품 수출을 제안한다고 발표했습니다,중국 당국이 오늘부터 대북한 철강 수출을 전면 금지하고 원유와 정유제품 수출을 제한한다고 발표했습니다,0.0455,0.0,True
datasets/Sample/01.원천데이터/SPK035/SPK035KBSIN005/SPK035KBSIN005F007.wav,단 원유건 정유제품이건 민생 목적이나 핵미사일 계획과 무관한 것은 세관 신고시 예외로 인정했습니다,단 원유건 정유제품위건 민생 목적이나 행미살 계획과 무관한 것은 세관 신고시 예외로 인정했습니다,단 원유건 정유제품이건 민생 목적이나 행미살 계획과 무관한 것은 세관 신고시 예외로 인정했습니다,0.0952,0.0714,True
datasets/Sample/01.원천데이터/SPK035/SPK035KBSIN005/SPK035KBSIN005F008.wav,수입 금지 품목은 북한산 곡식과 농산품 마그네사이트와 석재 목재 전자설비 선박 등입니다,수입 금지 품목은 북한산 곡식과 농산품 마그네사이트와 석제 목제 전자설비 선박 등입니다,수입 금지 품목은 북한산 곡식과 농산품 마그네사이트와 석재 목재 전자설비 선박 등입니다,0.0541,0.0,True
datasets/Sample/01.원천데이터/SPK035/SPK035KBSIN005/SPK035KBSIN005F005.wav,또 원유 대북수출은 연간 오십 이 만 오 천톤 정유제품 수출은 연간 육 만톤을 넘지 못한다고 명시했습니다,또 원유 대북 수출은 연간 52만 5천 톤 정유제품 수출은 연간 6만 톤을 넘지 못한다고 명시했습니다,또 원유 대북수출은 연간 오십 이만 오천 톤 정유제품 수출은 연간 육 만 톤을 넘지 못한다고 명시했습니다,0.119,0.0,True
datasets/Sample/01.원천데이터/SPK035/SPK035KBSIN005/SPK035KBSIN005F003.wav,중국 상무부와 세관당국이 어젯밤 공고를 통해 철강과 기계류 수송차량 등에 대한 대북 수출을 전면 금지했습니다,중국 상무부와 세관 당국이 어젯밤 공고를 통해 철관과 기계류 수송 차량 등에 대한 대북 수출을 전면 금지했습니다,중국 상무부와 세관당국이 어젯밤 공고를 통해 철관과 기계류 수송 차량 등에 대한 대북 수출을 전면 금지했습니다,0.0217,0.0217,False
datasets/Sample/01.원천데이터/SPK035/SPK035KBSIN005/SPK035KBSIN005F004.wav,유엔 안보리 결의 이천 삼백 구십 칠 호의 이행 차원이라는 설명과 함께 오늘부터 시행한다고 밝혔습니다,요엔 안보리결이 2397호의 이행자원이라는 설명과 함께 오늘부터 시행한다고 밝혔습니다,유엔 안보리 결의 이천 삼백 구십 칠 오의 이행 차원이라는 설명과 함께 오늘부터 시행한다고 밝혔습니다,0.2143,0.0238,True
datasets/Sample/01.원천데이터/SPK035/SPK035KBSIN005/SPK035KBSIN005F002.wav,최근 북중간 유류 밀수출 의혹이 불거진 가운데 중국은 거듭 안보리 결의의 철저한 이행을 과시하고 있습니다,최근 북중관 유류 밀수출 의혹이 불거진 가운데 중국은 거듭 안보리 결의의 철저한 이행을 과시하고 있습니다,최근 북중간 유류 밀수출 의혹이 불거진 가운데 중국은 거듭 안보리 결의의 철저한 이행을 과시하고 있습니다,0.0227,0.0,True
datasets/Sample/01.원천데이터/SPK035/SPK035KBSIN005/SPK035KBSIN005F009.wav,중국은 유엔 안보리 결의가 나올 때마다 관련 조치사항을 공고해왔습니다,중국은 UN 안보리 결의가 나올 때마다 관련 조치의 사항을 공고해 왔습니다,중국은 유엔 안보리 결의가 나올 때마다 관련 조치 사항을 공고해왔습니다,0.1,0.0,True
datasets/Sample/01.원천데이터/SPK035/SPK035KBSCU009/SPK035KBSCU009F003.wav,한국 영화가 영국 아카데미 시상식의 주요 부문에 후보로 오른 것은 이번이 처음인데요,한국 영어가 영국 아카데미 시상식의 주요 부문의 후보로 오르는 것은 이번이 처음인데요,한국 영화가 영국 아카데미 시상식의 주요 부문에 후보로 오른 것은 이번이 처음인데요,0.1143,0.0,True
datasets/Sample/01.원천데이터/SPK035/SPK035KBSCU009/SPK035KBSCU009F004.wav,박찬욱 감독의 아가씨는 이천 십 육 년 개봉한 이래 제 육십 구 회 칸 국제영화제 경쟁부문 진출과 미국 엘 에이 비평가협회 외국어 영화상 수상 등 국제 무대에서 꾸준한 관심과 성과를 이어온 바 있어 또 한 번의 수상 가능성도 점쳐지고 있습니다,박찬욱 감독의 아가씨는 2016년 개봉한 이래 제69회 칸국제영화제 경쟁부문 진출과 미국 LA 비평가협회 외국어 영화상 수상 등 국제무대에서 꾸준한 관심과 성과를 이온 바 있어 또 한 번의 수상 가능성도 점쳐지고 있습니다,박찬욱 감독의 아가씨는 이천 십 육 년 개봉한 이래 제 육십 구 회 칸 국제영화제 경쟁부문 진출과 미국 엘 에이 비평가협회 외국어 영화상 수상 등 국제 무대에서 꾸준한 관심과 성과를 이어온 바 있어 또 한 번의 수상 가능성도 점쳐지고 있습니다,0.1146,0.0,True
datasets/Sample/01.원천데이터/SPK035/SPK035KBSCU009/SPK035KBSCU009F005.wav,한편 박찬욱 감독은 최근 영국 비 비 씨 방송의 티 브이 드라마 연출을 맡아 올초 촬영을 시작할 것으로 알려져 이번 시상식 진출과 함께 현지에서의 입지도 더욱 공고해질 것으로 전망됩니다,한편 박찬욱 감독은 최근 영국 BBC 방송의 TV 드라마 연출을 맡아 올 초 촬영을 시작할 것으로 알려져 이번 시상식 진출과 함께 현지에서의 입지도 더욱 공고해질 것으로 전망됩니다,한편 박찬욱 감독은 최근 영국 비 비 씨 방송의 티 브이 드라마 연출을 맡아 올초 촬영을 시작할 것으로 알려져 이번 시상식 진출과 함께 현지에서의 입지도 더욱 공고해질 것으로 전망됩니다,0.08,0.0,True
datasets/Sample/01.원천데이터/SPK035/SPK035KBSCU009/SPK035KBSCU009F001.wav,박찬욱 감독의 영화 아가씨가 다음 달 십 팔 일 열리는 영국 아카데미 시상식에 외국어 영화상 후보로 선정됐습니다,박찬욱 감독의 영화 아가씨가 다음 달 18일 열리는 영국 아카데미 시상식의 외국어 영화장 후보로 선정됐습니다,박찬욱 감독의 영화 아가씨가 다음 달 십 팔 일 열리는 영국 아카데미 시상식에 외국어 영화상 후보로 선정됐습니다,0.087,0.0,True
datasets/Sample/01.원천데이터/SPK035/SPK035KBSCU009/SPK035KBSCU009F002.wav,이 시상식은 올해 칠십 일 회째를 맞는 영미권 주요 영화 행사로 상을 주관하는 영국영화 티 브이 예술아카데미는 어제 공식 홈페이지에 아가씨를 포함한 다섯 편의 후보작을 공개했습니다,이 시상식은 올해 71회째를 맞는 영미권 주요영화 행사로 상을 주관하는 한국 영화 TV 예술 아카데미는 어제 공식 홈페이지에 아가씨를 포함한 5편의 후보자가 공개했습니다,이 시상식은 올해 칠십 일 회째를 맞는 영미권 주요 영화 행사로 상을 주관하는 한국 영화 티 브이 예술 아카데미는 어제 공식 홈페이지에 아가씨를 포함한 다섯 편의 후보작을 공개했습니다,0.1467,0.0133,True
datasets/Sample/01.원천데이터/SPK035/SPK035KBSEC002/SPK035KBSEC002F008.wav,여기에다 원화 강세와 고금리 유가상승 등의 신 삼 고 현상도 심화되고 있어 수출에 그림자를 드리우고 있습니다,여기에다 원화 광세와 고급리 육가 상승 등의 신 3고 현상도 심화되고 있어 수출의 그림자를 들이우고 있습니다,여기에다 원화 강세와 고금니 육가상승 등의 신 삼고 현상도 심화되고 있어 수출의 그림자를 들이우고 있습니다,0.1556,0.1111,True
datasets/Sample/01.원천데이터/SPK035/SPK035KBSEC002/SPK035KBSEC002F013.wav,최저임금이 오르면서 연초부터 소규모 자영업자들은 오히려 채용을 꺼립니다,최저임금이 오르면서 연초부터 소규모 자영업자들은 오히려 채용을 꺼립니다,최저임금이 오르면서 연초부터 소규모 자영업자들은 오히려 채용을 꺼립니다,0.0,0.0,False
datasets/Sample/01.원천데이터/SPK035/SPK035KBSEC002/SPK035KBSEC002F021.wav,각종 규제 완화와 구조개혁 그리고 성장동력 창출에 역점을 두고 올 한 해 고비를 잘 넘겨야 하겠습니다,각종 규제 완화와 구조 개혁 그리고 성장 동력 창출의 역점을 두고 올 한해 고비를 잘 넘겨야 하겠습니다,각종 규제 완화와 구조 개혁 그리고 성장 동력 창출에 역점을 두고 올 한 해 고비를 잘 넘겨야 하겠습니다,0.0244,0.0,True
datasets/Sample/01.원천데이터/SPK035/SPK035KBSEC002/SPK035KBSEC002F017.wav,다행히 올해도 삼 퍼센트 내외의 성장으로 거의 십 년 만에 국민소득 삼 만 달러 시대의 개막이 기대되고 있습니다,다행히 올해도 3 내외의 성장으로 거의 10년 만에 국민소득 3만 달러 시대의 개막이 기대되고 있습니다,다행히 올해도 삼 퍼센트 내외의 성장으로 거의 십 년 만에 국민소득 삼 만 달러 시대의 개막이 기대되고 있습니다,0.1556,0.0,True
datasets/Sample/01.원천데이터/SPK035/SPK035KBSEC002/SPK035KBSEC002F016.wav,재계는 무엇보다도 기업에 활력을 불어넣는데 힘써 줄 것을 공개적으로 호소하고 있습니다,세계는 무엇보다도 기업의 활력을 불어넣는데 힘 써줄 것을 공개적으로 호소하고 있습니다,재계는 무엇보다도 기업의 활력을 불어넣는데 힘써 줄 것을 공개적으로 호소하고 있습니다,0.0541,0.027,True
datasets/Sample/01.원천데이터/SPK035/SPK035KBSEC002/SPK035KBSEC002F001.wav,지난해 우리 수출실적이 육백 십 삼 조 원으로 사상 최고를 기록하면서 세계 육 위로 올라섰습니다,지난해 우리 수출 실적이 613조 원으로 4상 최고를 기록하면서 세계 6위로 올라섰습니다,지난해 우리 수출실적이 육백 십 삼 조 원으로 사상 최고를 기록하면서 세계 육 위로 올라섰습니다,0.1538,0.0,True
datasets/Sample/01.원천데이터/SPK035/SPK035KBSEC002/SPK035KBSEC002F011.wav,혁신성장의 주축이 돼야 할 사 차 산업은 청사진은 나와있지만 앞서가는 나라들에 비해서는 한참 뒤처져 있습니다,혁신성장에 주축이 돼야 할 4차 산업은 청사지는 나와 있지만 앞서가는 나라들에 비해서는 한참 뒤쳐져 있습니다,혁신성장의 주축이 돼야 할 사 차 산업은 청사지는 나와 있지만 앞서가는 나라들에 비해서는 한참 뒤쳐져 있습니다,0.1087,0.0652,True
datasets/Sample/01.원천데이터/SPK035/SPK035KBSEC002/SPK035KBSEC002F019.wav,반면교사로 삼아야 합니다,반면 교사로 삼아야 합니다,반면 교사로 삼아야 합니다,0.0,0.0,False
datasets/Sample/01.원천데이터/SPK035/SPK035KBSEC002/SPK035KBSEC002F012.wav,내수도 걱정입니다,내수도 걱정입니다,네수도 걱정입니다,0.0,0.125,False
datasets/Sample/01.원천데이터/SPK035/SPK035KBSEC002/SPK035KBSEC002F014.wav,최저임금 위원장조차 그 부작용을 인정하며 인상률 조정의 필요성을 제기했습니다,최저임금위원장조차 그 부작용을 인정하며 인상률 조정의 필요성을 제기했습니다,최저임금 위원장조차 그 부작용을 인정하며 인상률 조정의 필요성을 제기했습니다,0.0,0.0,False
datasets/Sample/01.원천데이터/SPK035/SPK035KBSEC002/SPK035KBSEC002F007.wav,미국의 통상압력까지 더해질 우려도 있습니다,미국의 통상압력까지 더해질 우려도 있습니다,미국의 통상압력까지 더해질 우려도 있습니다,0.0,0.0,False
datasets/Sample/01.원천데이터/SPK035/SPK035KBSEC002/SPK035KBSEC002F009.wav,수출에 직격탄이 될 수 있는 환율은 천 육십 원대까지 떨어져 삼 년 만에 최고 수준이고 당분간 원고 현상은 이어질 전망입니다,수출의 직격탄이 될 수 있는 환율은 1060원대까지 떨어져 3년 만에 최고 수준이고 당분간 원고 현상은 이어질 전망입니다,수출의 직격탄이 될 수 있는 환율은 천 육십 원대까지 떨어져 삼 년 만에 최고 수준이고 당분간 원고 현상은 이어질 전망입니다,0.12,0.02,True
datasets/Sample/01.원천데이터/SPK035/SPK035KBSEC002/SPK035KBSEC002F004.wav,편중된 종목의 부진이 예상되는 데다 부실한 구조조정과 원화 가치 상승 그리고 기업활력 저하 등으로 연초부터 먹구름이 끼고 있기 때문입니다,편중된 종목의 부진이 예상되는데다 부실한 구조조정과 원화 가치 상승 그리고 기업할력 저화 등으로 연초부터 먹구름이 끼고 있기 때문입니다,편중된 종목의 부진이 예상되는 데다 부실한 구조조정과 원화 가치 상승 그리고 기업할력 저화 등으로 연초부터 먹구름이 끼고 있기 때문입니다,0.0345,0.0345,False
datasets/Sample/01.원천데이터/SPK035/SPK035KBSEC002/SPK035KBSEC002F006.wav,당장은 아니더라도 공급과잉과 중국 업체의 추격 등으로 올해는 낙관이 힘든 상황입니다,당장은 아니더라도 공급과인과 중국 업체의 추격 등으로 올해는 낙관이 힘든 상황입니다,당장은 아니더라도 공급과인과 중국 업체의 추격 등으로 올해는 낙관이 힘든 상황입니다,0.0278,0.0278,False
datasets/Sample/01.원천데이터/SPK035/SPK035KBSEC002/SPK035KBSEC002F020.wav,케이 비 에스 의 신년 여론조사에서도 올해 가장 중요한 가치로 응답자의 삼십 퍼센트 가 경제성장을 꼽아 가장 많았습니다,KBS의 신년 여론조사에서도 올해 가장 중요한 가치로 응답자의 30가 경제 성장을 꼽아 가장 많았습니다,케이비에스의 신년 여론조사에서도 올해 가장 중요한 가치로 응답자의 삼십 퍼센트 가 경제 성장을 꼽아 가장 많았습니다,0.2041,0.0,True
datasets/Sample/01.원천데이터/SPK035/SPK035KBSEC002/SPK035KBSEC002F005.wav,지난해 수출에서 반도체가 차지한 비중은 십 칠 퍼센트 로 쏠림현상이 심했습니다,지난해 수출에서 반도체가 차지한 비중은 17로 쏠림 현상이 심했습니다,지난해 수출에서 반도체가 차지한 비중은 십 칠 퍼센트 로 쏠림 현상이 심했습니다,0.1515,0.0,True
datasets/Sample/01.원천데이터/SPK035/SPK035KBSEC002/SPK035KBSEC002F018.wav,그러나 스페인처럼 삼 만 달러를 넘으면서 다시 추락한 나라들도 적지 않습니다,그러나 스페인처럼 3만 달러를 넘으면서 다시 추락한 나라들도 적지 않습니다,그러나 스페인처럼 삼 만 달러를 넘으면서 다시 추락한 나라들도 적지 않습니다,0.0312,0.0,True
datasets/Sample/01.원천데이터/SPK035/SPK035KBSEC002/SPK035KBSEC002F015.wav,새로운 정책들이 오히려 일자리 창출에 역행하고 있다는 지적이 나오고 있습니다,새로운 정책들이 오히려 일자리 창출에 역행하고 있다는 지적이 나오고 있습니다,새로운 정책들이 오히려 일자리 창출에 역행하고 있다는 지적이 나오고 있습니다,0.0,0.0,False
datasets/Sample/01.원천데이터/SPK035/SPK035KBSEC002/SPK035KBSEC002F002.wav,일 년 동안 십 육 퍼센트 에 가까운 성장률로 반도체와 석유화학 등이 수출을 주도했습니다,1년 동안 16에 가까운 성장률로 반도체와 석유화학 등이 수출을 주도했습니다,일 년 동안 십 육 퍼센트 에 가까운 성장률로 반도체와 석유화학 등이 수출을 주도했습니다,0.1667,0.0,True
datasets/Sample/01.원천데이터/SPK035/SPK035KBSEC002/SPK035KBSEC002F003.wav,하지만 이 같은 눈부신 실적에도 좋아할 수만은 없습니다,하지만 이 같은 눈부신 실적에도 좋아할 수만은 없습니다,하지만 이 같은 눈부신 실적에도 좋아할 수만은 없습니다,0.0,0.0,False
datasets/Sample/01.원천데이터/SPK035/SPK035KBSEC002/SPK035KBSEC002F010.wav,이에 따라 올해 수출증가율은 지난해의 사 분의 일 정도인 사 퍼센트 선에 그칠 것으로 예상되고 있습니다,이에 따라 올해의 수출 증가율은 지난해에 14 선에 그칠 것으로 예상되고 있습니다,이에 따라 올해 수출 증가율은 지난해의 사 분의 일 정도인 사 퍼센트 선에 그칠 것으로 예상되고 있습니다,0.3095,0.0,True
datasets/Sample/01.원천데이터/SPK035/SPK035KBSCU006/SPK035KBSCU006F005.wav,과거 배우 한지민 유지태 씨 가수 배일호 씨 등도 메니에르 병으로 연예 활동을 중단하거나 고통을 호소한 바 있습니다,과거 배우 한지민 유지태 씨 가수 베일호 씨 등도 매니엘 병으로 연애 활동을 중단하거나 고통을 호소한 바 있습니다,과거 배우 한지민 유지태 씨 가수 배일호 씨 등도 메니에르 병으로 연예 활동을 중단하거나 고통을 호소한 바 있습니다,0.1064,0.0,True
datasets/Sample/01.원천데이터/SPK035/SPK035KBSCU006/SPK035KBSCU006F002.wav,그러자 온라인 상에선 메니에르 병의 증상과 같은 병을 앓았던 또 다른 스타들이 함께 주목받고 있습니다,그러자 온라인 상에서는 매니엘 병의 증상과 같은 병을 알았던 또 다른 스타들이 함께 주목받고 있습니다,그러자 온라인 상에선 메니에르 병의 증상과 같은 병을 알았던 또 다른 스타들이 함께 주목받고 있습니다,0.1429,0.0238,True
datasets/Sample/01.원천데이터/SPK035/SPK035KBSCU006/SPK035KBSCU006F006.wav,방송에서 박원숙 씨는 오른쪽 귀의 청력을 거의 잃어버렸다고 고백하면서도 다행히 왼쪽 귀에는 이상이 없다며 긍정적인 모습을 보여 시청자들의 격려와 응원이 잇따르고 있습니다,방송에서 박원숙 씨는 오른쪽 귀에 척력을 거의 잃어버렸다고 고백하면서도 다행히 왼쪽 귀에는 이상이 없다며 긍정적인 모습을 보여 시청자들의 격려와 응원이 잇따르고 있습니다,방송에서 박원숙 씨는 오른쪽 귀의 청력을 거의 잃어버렸다고 고백하면서도 다행히 왼쪽 귀에는 이상이 없다며 긍정적인 모습을 보여 시청자들의 격려와 응원이 잇따르고 있습니다,0.0274,0.0,True
datasets/Sample/01.원천데이터/SPK035/SPK035KBSCU006/SPK035KBSCU006F001.wav,탤런트 박원숙 씨가 희귀병 중 하나인 메니에르 병을 앓고 있다고 밝혔습니다,탤런트 박원숙 씨가 희귀 병 중 하나인 맨이에륩 병을 알고 있다고 밝혔습니다,탤런트 박원숙 씨가 희귀병 중 하나인 메니에르 병을 앓고 있다고 밝혔습니다,0.129,0.0,True
datasets/Sample/01.원천데이터/SPK035/SPK035KBSCU006/SPK035KBSCU006F003.wav,박원숙 씨는 지난 육 일 오후 방송된 교양 프로그램 같이 삽시다에 출연해 자신이 천 구백 팔십 삼 년부터 삼십 년이 넘도록 메니에르 병으로 투병 중이라고 털어놨습니다,박원숙 씨는 지난 6일 오후 방송된 교양 프로그램 같이 삽시다에 출연해 자신이 1983년부터 30년이 넘도록 매니엘을 병으로 투병 중이라고 터낫습니다,박원숙 씨는 지난 육 일 오후 방송된 교양 프로그램 같이 삽시다에 출연해 자신이 천 구백 팔십 삼 년부터 삼십 년이 넘도록 메니에르 병으로 투병 중이라고 털어놨습니다,0.2239,0.0,True
datasets/Sample/01.원천데이터/SPK035/SPK035KBSCU006/SPK035KBSCU006F004.wav,메니에르 병은 십 만 명 중 네 명 꼴로 발병되는 희귀성 질환으로 난청 현기증 귀울림 등의 증상을 동반하는 것으로 알려져 있는데요,매니엘 병은 10만 명 중 4명 꼴로 발병되는 희귀성 질환으로 난청 현기증 귀 울림 등의 증상을 동반하는 것으로 알려져 있는데요,메니에르 병은 십 만 명 중 네 명 꼴로 발병되는 희귀성 질환으로 난청 현기증 귀 울림 등의 증상을 동반하는 것으로 알려져 있는데요,0.1154,0.0,True
datasets/Sample/01.원천데이터/SPK035/SPK035KBSCU001/SPK035KBSCU001F006.wav,그 결과 지난해 한국 영화는 육 년 연속 관객 수 일 억 명대를 유지했고 점유율도 오십 삼 퍼센트 를 기록했습니다,그 결과 지난해 한국 영화는 6년 연속 관객 수 1억 명대를 유지했고 점유율도 53를 기록했습니다,그 결과 지난해 한국 영화는 육 년 연속 관객 수 일 억 명대를 유지했고 점유율도 오십 삼 퍼센트 를 기록했습니다,0.1818,0.0,True
datasets/Sample/01.원천데이터/SPK035/SPK035KBSCU001/SPK035KBSCU001F001.wav,지난해 극장을 찾은 연간 관객 수가 역대 최다치를 기록했습니다,지난해 극장을 찾은 연관 관객 수가 역대 최다치를 기록했습니다,지난해 극장을 찾은 연간 관객 수가 역대 최다치를 기록했습니다,0.0385,0.0,True
datasets/Sample/01.원천데이터/SPK035/SPK035KBSCU001/SPK035KBSCU001F007.wav,무엇보다 연말에 시작된 한국 영화들의 흥행 릴레이가 올초에도 계속되고 있고 상반기에는 더 다양한 장르와 소재의 작품들이 개봉할 예정이라 극장가의 활기는 당분간 계속될 거라는 전망이 나오고 있습니다,무엇보다 연말을 시작된 한국 영화들의 흥행 릴레이가 올 초에도 계속되고 있고 상반기에는 더 다양한 장르와 소재의 작품들이 개봉할 예정이라 극장과의 활기는 당분간 계속될 거라는 전망이 나오고 있습니다,무엇보다 연말에 시작된 한국 영화들의 흥행 릴레이가 올초에도 계속되고 있고 상반기에는 더 다양한 장르와 소재의 작품들이 개봉할 예정이라 극장가의 활기는 당분간 계속될 거라는 전망이 나오고 있습니다,0.0238,0.0,True
datasets/Sample/01.원천데이터/SPK035/SPK035KBSCU001/SPK035KBSCU001F005.wav,이는 지난 십 이 월 십 사 일 개봉한 정우성 주연의 강철비를 시작으로 신과 함께 죄와벌 일 구 팔 칠 등 한국 영화 여러 편이 일제히 흥행에 성공하며 막판 반등을 이뤄낸 덕분인데요,이는 지난 12월 14일 개봉한 정우성 주연의 강철비를 시작으로 신과 함께 재화벌 1987 등 한국 영화 여러 편이 일제의 흥행에 성공하며 막판 반등을 이뤄낸 덕분인데요,이는 지난 십 이 월 십 사 일 개봉한 정우성 주연의 강철비를 시작으로 신과 함께 재화벌 일 구 팔 칠 등 한국 영화 여러 편이 일제히 흥행에 성공하며 막판 반등을 이뤄낸 덕분인데요,0.1571,0.0286,True
datasets/Sample/01.원천데이터/SPK035/SPK035KBSCU001/SPK035KBSCU001F002.wav,전년보다 수치가 감소했을 거라는 추측이 많았는데 한국 영화들의 뒷심이 뜻밖의 결과로 이어졌습니다,전년보다 수치가 감소했을 거라는 추측이 많았는데 한국 영화들의 뒷심이 뜻밖의 결과로 이어졌습니다,전년보다 수치가 감소했을 거라는 추측이 많았는데 한국 영화들의 뒷심이 뜻밖의 결과로 이어졌습니다,0.0,0.0,False
datasets/Sample/01.원천데이터/SPK035/SPK035KBSCU001/SPK035KBSCU001F003.wav,영화진흥위원회 자료에 따르면 이천 십 칠 년 극장가 누적 관객 수는 이 억 천 구백 팔십 칠 만 명으로 집계됐습니다,영화 지능위원회 자료에 따르면 2017년 극장과 누적 관객 수는 2억 1987만 명으로 집계됐습니다,영화진흥위원회 자료에 따르면 이천 십 칠 년 극장가 누적 관객 수는 이 억 천 구백 팔십 칠 만 명으로 집계됐습니다,0.3111,0.0,True
datasets/Sample/01.원천데이터/SPK035/SPK035KBSCU001/SPK035KBSCU001F004.wav,당초 업계에선 이른바 천만 영화가 택시운전사 한 편에 그치는 등 부진한 한해였다고 평가했지만 연간 관객 수는 이천 십 육 년보다 이백 팔십 사 만 명이 증가한 것으로 나타났습니다,당초 업계에선 이른바 천만 영화가 택시 운전사 한편에 그치는 등 부진한 한해였다고 평가했지만 연간 관객 수는 2016년보다 284만 명이 증가한 것으로 나타났습니다,당초 업계에선 이른바 천만 영화가 택시운전사 한 편에 그치는 등 부진한 한해였다고 평가했지만 연간 관객 수는 이천 십 육 년보다 이백 팔십 사 만 명이 증가한 것으로 나타났습니다,0.125,0.0,True
datasets/Sample/01.원천데이터/SPK035/SPK035KBSCU004/SPK035KBSCU004F007.wav,소식을 접한 누리꾼들은 김주혁 씨를 스크린에서 다시 보게 돼 반갑다면서도 한편으론 고인의 빈자리가 더 크게 느껴질 것 같다며 기대와 그리움을 함께 드러내고 있습니다,소식을 접한 누리꾼들은 김주혁 씨를 스크린 내서 다시 보게 돼 반갑다면서도 한편으로는 고인의 빈자리가 더 크게 느껴질 것 같다며 기대와 그리움을 함께 드러내고 있습니다,소식을 접한 누리꾼들은 김주혁 씨를 스크린에서 다시 보게 돼 반갑다면서도 한편으론 고인의 빈자리가 더 크게 느껴질 것 같다며 기대와 그리움을 함께 드러내고 있습니다,0.0435,0.0,True
datasets/Sample/01.원천데이터/SPK035/SPK035KBSCU004/SPK035KBSCU004F004.wav,김주혁 씨는 지난해 십 월 갑작스런 사고가 있기 전 두 편의 영화에서 자신의 분량을 모두 촬영해둔 상태였는데요,김주혁 씨는 지난해 10월 갑작스러운 사고가 있기 전 두편의 영화에서 자신의 분량을 모두 촬영해둔 상태였는데요,김주혁 씨는 지난해 십 월 갑작스런 사고가 있기 전 두 편의 영화에서 자신의 분량을 모두 촬영해둔 상태였는데요,0.0889,0.0,True
datasets/Sample/01.원천데이터/SPK035/SPK035KBSCU004/SPK035KBSCU004F003.wav,영화 흥부의 배급사 측은 최근 작품의 후반 작업을 마치고 오는 설 연휴 극장 개봉을 확정했다고 밝혔습니다,영화 흥부의 백업사 측은 최근 작품의 후반 작업을 마치고 오는 설 연휴 극장 개봉을 확정했다고 밝혔습니다,영화 흥부의 배급사 측은 최근 작품의 후반 작업을 마치고 오는 설 연휴 극장 개봉을 확정했다고 밝혔습니다,0.0465,0.0,True
datasets/Sample/01.원천데이터/SPK035/SPK035KBSCU004/SPK035KBSCU004F005.wav,흥부는 그중 한 편입니다,흥분은 그중 한 편입니다,,0.2,1.0,False
datasets/Sample/01.원천데이터/SPK035/SPK035KBSCU004/SPK035KBSCU004F001.wav,배우 고 김주혁 씨가 출연한 영화 흥부가 개봉을 앞두고 있습니다,배우 고 김주혁 씨가 출연한 영화 흥부가 개봉을 앞두고 있습니다,배우 고 김주혁 씨가 출연한 영화 흥부가 개봉을 앞두고 있습니다,0.0,0.0,False
datasets/Sample/01.원천데이터/SPK035/SPK035KBSCU004/SPK035KBSCU004F006.wav,고전소설 흥부전을 소재로한 이 영화는 흥부전의 진짜 작가와 주인공을 밝혀내는 이야기로 극중 김주혁 씨는 조선 후기 백성들을 돌보는 양반 조혁 역을 맡아 정진영 정우 씨와 호흡을 맞췄습니다,보전소설 흥부전을 소재로 한 이 영화는 흥부전의 진짜 작가와 주인공을 밝혀내는 이야기로 극중 김주혁 씨는 조선 후기 백성들을 돌보는 양반 조혁 역을 맡아 정진영 정훈 씨와 호흡을 마쳤습니다,고전소설 흥부전을 소재로한 이 영화는 흥부전의 진짜 작가와 주인공을 밝혀내는 이야기로 극중 김주혁 씨는 조선 후기 백성들을 돌보는 양반 조혁 역을 맡아 정진영 정우 씨와 호흡을 맞췄습니다,0.0513,0.0,True
datasets/Sample/01.원천데이터/SPK035/SPK035KBSCU004/SPK035KBSCU004F002.wav,고인의 유작인데다 고전소설 흥부전을 재해석한 줄거리도 기대를 모으고 있습니다,고인의 유작인데다 고전소설 흥부전을 재해석한 줄거리 도 기대를 모고 있습니다,고인의 유작인데다 고전소설 흥부전을 재해석한 줄거리도 기대를 모으고 있습니다,0.0294,0.0,True
